,start station name,start station latitude,start station longitude
32215038,1 Ave & E 110 St,40.7923272,-73.9383
19032324,1 Ave & E 16 St,40.73221853,-73.98165557
25490238,1 Ave & E 16 St [temporarily removed],40.73221853,-73.98165557
64740537,1 Ave & E 18 St,40.73381219196632,-73.98054420948029
25720798,1 Ave & E 18 St [temporarily removed],40.73381219196632,-73.98054420948029
24341695,1 Ave & E 30 St,40.74144387,-73.97536082
45381669,1 Ave & E 39 St,40.74714,-73.97113
15085987,1 Ave & E 44 St,40.75001986,-73.96905301
35795413,1 Ave & E 5 St,40.725864,-73.986389
67241033,1 Ave & E 6 St,40.72633085971696,-73.98616880178452
50833132,1 Ave & E 62 St,40.761227,-73.96094
28360798,1 Ave & E 68 St,40.76500525,-73.95818491
60652312,1 Ave & E 78 St,40.77140426,-73.9535166
31064102,1 Ave & E 94 St,40.7817212,-73.94594
45049962,1 Pl & Clinton St,40.680959,-73.999057
63361702,1 St & 6 Ave,40.672784,-73.979826
63900160,10 Ave & W 14 St,40.74198159994023,-74.00831580162048
59728511,10 Ave & W 202 St,40.861281970750994,-73.921417593956
46445712,10 Ave & W 204 St,40.862638,-73.92006
68818800,10 Ave & W 207 St,40.864632,-73.918598
45434640,10 Ave & W 215 St,40.869324,-73.915197
29824793,10 Ave & W 28 St,40.75066386,-74.00176802
1270229,10 Hudson Yards,40.752957,-74.00264
40513423,10 St & 2 Ave,40.671907,-73.993612
39000041,10 St & 5 Ave,40.6686273,-73.98700053
38986170,10 St & 7 Ave,40.6662078,-73.98199886
67105729,11 Ave & Prospect Ave,40.65629,-73.977335
59994548,11 Ave & W 27 St,40.751396,-74.005226
63030872,11 Ave & W 41 St,40.76030096,-73.99884222
34069510,11 Ave & W 59 St,40.77149671054441,-73.99046033620834
2472453,11 St & 35 Ave,40.7627442,-73.9391141
40195186,11 St & 43 Ave,40.7519071,-73.9479119
65069937,11 St & Washington St,40.74998490907138,-74.02715027332306
68595923,12 Ave & 36 St,40.643546,-73.986418
43543030,12 Ave & W 125 St,40.818299,-73.960405
62438543,12 Ave & W 40 St,40.76087502,-74.00277668
30772125,12 St & 4 Ave,40.668603,-73.9904394
61875039,12 St & Sinatra Dr N,40.75060414236896,-74.02402013540268
13245036,14 St & 5 Ave,40.666287,-73.98895053
4950758,14 St & 7 Ave,40.663779,-73.98396846
61848081,14 St Ferry - 14 St & Shipyard Ln,40.75296063046496,-74.02435272932053
58013412,16th St & 4th Ave,40.666197,-73.992466
63881188,17 St & 5 Ave,40.663493,-73.991007
45018490,18 St & 27 Ave,40.772768,-73.927436
50253469,19 St & 24 Ave,40.7774552,-73.9225403
67031952,19 St & 8 Ave,40.658489,-73.985543
62374563,2 Av & 37 St,40.656326,-74.009627
42023503,2 Ave & 29 St,40.74147,-73.978221
64820419,2 Ave & 32 St,40.659176,-74.006584
39974460,2 Ave & 36 St,40.65708866668485,-74.00870203971863
5642545,2 Ave & 36 St - Citi Bike HQ at Industry City,40.65708866668485,-74.00870203971863
3142179,2 Ave & 9 St,40.6724811,-73.99331394
34618426,2 Ave & E 104 St,40.7892105,-73.94370784
29176029,2 Ave & E 122 St,40.8006721,-73.9349
65197847,2 Ave & E 125 St,40.802554,-73.933509
45631643,2 Ave & E 29 St,40.741723,-73.978092
63991870,2 Ave & E 31 St,40.74290902,-73.97706058
58998490,2 Ave & E 55 St,40.757920208794026,-73.96638214588165
40531822,2 Ave & E 72 St,40.7687620293096,-73.95840793848038
45208825,2 Ave & E 96 St,40.783963,-73.947167
57712922,2 Ave & E 99 St,40.7862586,-73.94552579
48933859,2 St HBLR - 2 St & Marshall St,40.740801,-74.042434
46822739,20 Ave & 21 St,40.784003,-73.912297
61332501,20 Ave & 33 St,40.779399,-73.905708
62525320,20 Ave & 38 St,40.777112,-73.902382
62168711,20 Ave & 42 St,40.775415,-73.900063
44152140,20 Ave & 48 St,40.772899,-73.896849
58853147,20 Ave & Shore Blvd,40.785994,-73.915098
43303122,21 Ave & 80 St,40.770888,-73.889914
60030476,21 Ave & Crescent St,40.780478,-73.912212
51826628,21 Ave & Shore Blvd,40.783956,-73.916894
44905369,21 St & 21 Ave,40.782465,-73.914527
46728138,21 St & 23 Ave,40.778557,-73.919046
28469207,21 St & 31 Dr,40.7659,-73.930819
68893546,21 St & 36 Ave,40.7601853,-73.9362726
8113589,21 St & 38 Ave,40.7576314,-73.9391224
64647048,21 St & 4 Ave,40.662584,-73.995554
37001999,21 St & 43 Ave,40.75052534,-73.94594845
67543030,21 St & Hoyt Ave S,40.774645,-73.923706
29683587,21 St & Queens Plaza North,40.75325964,-73.94335788
60802553,23 Ave & 27 St,40.776165,-73.9153175
46482137,23 Rd & 29 St,40.77406,-73.914934
67804126,23 Rd & 31 St,40.77336750284339,-73.91382560133934
47457793,23 St & 3 Ave,40.662611,-73.998623
13310713,24 Ave & 26 St,40.774591,-73.918544
7189281,24 Ave & 29 St,40.7729,-73.916142
62486980,24 St & 38 Ave,40.756351,-73.936515
66050952,24 St & 41 Ave,40.752474,-73.939991
22896142,24 St & 41 Ave (original),40.7527085,-73.9397405
45096285,24 St & 5 Ave,40.659555,-73.995068
68567271,25 Ave & 41 St,40.767666,-73.910963
67009700,27 Ave & 3 St,40.77485,-73.9342
3022009,27 Ave & 4 St,40.7747175,-73.9337894
45817025,27 Ave & 9 St,40.773982,-73.930913
33673584,27 St & Hunter St,40.7485,-73.941275
26150608,28 Ave & 35 St,40.7671,-73.9169858
16147552,28 Ave & 44 St,40.76408932350688,-73.91065120697021
38597791,28 St & 36 Ave,40.757186,-73.932719
834302,28 St & 38 Ave,40.754876,-73.934326
7605034,28 St & 41 Ave,40.751047,-73.93797
63022945,29 St & 5 Ave,40.656986,-73.998194
44577809,3 Ave & 14 St,40.668545,-73.993332
43816922,3 Ave & 17 St,40.666168,-73.995549
18972032,3 Ave & Carroll St,40.677027,-73.9865
23122972,3 Ave & E 100 St,40.7877214,-73.94728331
39540608,3 Ave & E 112 St,40.795508,-73.941606
58070342,3 Ave & E 163 St,40.823872,-73.908699
35924311,3 Ave & E 169 St,40.832678,-73.905158
35711874,3 Ave & E 170 St,40.834857,-73.903743
36875584,3 Ave & E 172 St,40.839586,-73.900277
38071928,3 Ave & E 174 St,40.84224,-73.8985
49578362,3 Ave & E 174 St - Bathgate Vaccination Site,40.84224,-73.8985
37770198,3 Ave & E 62 St,40.76312584,-73.96526895
43234788,3 Ave & E 71 St,40.768736,-73.961199
57082867,3 Ave & E 72 St,40.7699426,-73.96060712
2551488,3 Ave & E 95 St,40.78459679884892,-73.94968539476395
65803653,3 Ave & Franklin Ave,40.82696,-73.907451
54274133,3 Ave & Schermerhorn St,40.68683208,-73.9796772
56315330,3 Ave & Wakeman Pl,40.638246,-74.024714
7393890,3 St & 3 Ave,40.6750705,-73.98775226
64894256,3 St & 7 Ave,40.6703837,-73.97839676
65414145,3 St & Hoyt St,40.6777287,-73.99364123
43673713,3 St & Prospect Park West,40.668132,-73.973638
42938391,30 Ave & 21 St,40.770374,-73.928607
60014762,30 Ave & 41 St,40.763422,-73.914142
48317270,30 Ave & 47 St,40.761294,-73.909562
45885386,30 St & 4 Ave,40.657743,-74.001141
39948370,31 Ave & 14 St,40.7682,-73.9322662
37038541,31 Ave & 30 St,40.7647,-73.9240312
10715585,31 Ave & 34 St,40.763154,-73.920827
45097560,31 Ave & 57 St,40.757357,-73.904726
64473175,31 Ave & 61 St,40.757525,-73.901614
14582988,31 Ave & Crescent St,40.7658346,-73.9265474
37379338,31 Ave & Steinway St,40.7611488,-73.9170071
22302960,31 Ave & Steinway St (temp),40.761293897289086,-73.916916847229
67110709,31 Rd & 21 St,40.766824,-73.930486
43590643,31 St & 21 Ave,40.77813,-73.90842
6482926,31 St & 23 Ave,40.7747878,-73.9125551
1288877,31 St & 35 Ave,40.75820464696758,-73.92832159996033
12406837,31 St & Astoria Blvd,40.7699176,-73.9184057
31408745,31 St & Broadway,40.761584,-73.925921
55862231,31 St & Ditmars Blvd,40.776168,-73.910485
24438571,31 St & Hoyt Ave N,40.7711528,-73.9170074
48417842,31 St & Newtown Ave,40.767548,-73.920933
29947037,31 St & Northern Blvd,40.75186951421875,-73.93349289894103
568955,31 St & Thomson Ave,40.74469738,-73.93540375
26726742,34 Ave & 13 St,40.7638753,-73.9364848
45959041,34 Ave & 21 St,40.762813,-73.934286
63706030,34 Ave & 31 St,40.759604471387945,-73.92714411020279
10871591,34 Ave & 38 St,40.756913,-73.921631
50187373,34 Ave & 45 St,40.754795,-73.917014
49403083,34 Ave & 48 St,40.75388,-73.914952
37455823,34 St & 35 Ave,40.7569332,-73.9262231
59101679,34 St & 38 Ave,40.752443,-73.929737
55944308,34 St & 4 Ave,40.655278,-74.003101
49028848,34 St & 5 Ave,40.654098,-74.001131
58857766,34th Ave & Vernon Blvd,40.76535380385866,-73.93986314535141
45452005,35 Ave & 10 St,40.763155,-73.939855
25960452,35 Ave & 37 St,40.7557327,-73.9236611
45636785,35 St & 21 Ave,40.776745,-73.906558
57109222,35 St & 23 Ave,40.77301508291382,-73.91119033098221
49412442,35 St & 30 Ave,40.76547569244953,-73.91811579465866
12069421,35 St & 34 Ave,40.7580583,-73.9242751
57039770,35 St & Broadway,40.760339,-73.9222427
46901,36 Ave & 10 St,40.7614376,-73.9411265
7902752,36 Ave & 31 St,40.75651272984955,-73.92957486212252
66383208,36 St & 3 Ave,40.655716,-74.006664
48286001,36 St & 4 Ave,40.654144,-74.00422
52230866,36 St & Ditmars Blvd,40.774306,-73.908335
8090781,37 Ave & 35 St,40.7531106,-73.9279917
50063627,37 St & 24 Ave,40.7701477,-73.9120938
34089373,38 Ave & 29 St,40.75473,-73.93367
44277933,38 St & 30 Ave,40.764174,-73.915839
45777382,38 St & Northern Blvd,40.752372,-73.925384
31988880,39 St & 2 Ave,40.65539977447831,-74.01062786579132
4533747,39 St & 2 Ave - Citi Bike HQ at Industry City,40.65539977447831,-74.01062786579132
64349431,4 Ave & 17 St,40.665507,-73.993037
2706010,4 Ave & 2 St,40.674613422475815,-73.98501142859459
60311960,4 Ave & 26 St,40.660079,-73.998633
68306293,4 Ave & 3 St,40.673746,-73.985649
37977609,4 Ave & 9 St,40.6705135,-73.98876585
23598463,4 Ave & E 12 St,40.732647,-73.99011
55423600,4 Ave & Shore Road Dr,40.637033,-74.022141
52153483,4 St & Grand St,40.742257,-74.035111
7961932,40 Ave & 9 St,40.75742,-73.945133
14388444,40 Ave & Crescent St,40.7535992020056,-73.93795609474182
63038727,41 St & 3 Ave,40.652512,-74.008906
67585699,41 St & 4 Ave,40.651354,-74.007168
55839641,42 Pl & Northern Blvd,40.753091,-73.920603
52760250,42 St & 1 Ave,40.654798,-74.014372
68853347,43 St & 23 Ave,40.769673,-73.906018
63445740,43 St & 35 Ave,40.754139,-73.919543
59023835,43 St & 37 Ave,40.750181,-73.919998
18566077,43 St & Broadway,40.7577284,-73.9166368
58283232,44 Dr & 21 St,40.748,-73.9460927
58909706,44 Dr & Jackson Ave,40.74718234,-73.9432635
64179246,44 St & 2 Ave,40.652502,-74.013587
57702088,44 St & 3 Ave,40.651173,-74.011405
57387170,44 St & 6 Ave,40.647105,-74.004483
50098277,4455.10,40.68825516598005,-73.99545192718506
65348680,45 Ave & 21 St,40.74737075646803,-73.94777297973631
14196301,45 Rd & 11 St,40.74708586,-73.94977234
49588318,45 St & 4 Ave,40.649145,-74.009486
66051136,46 Ave & 5 St,40.74731,-73.95451
64772805,46 St & 25 Ave,40.765753,-73.90676
45242389,46 St & 28 Ave,40.763328,-73.908782
58303151,46 St & 30 Rd,40.76072,-73.910989
53880707,46 St & 6 Ave,40.645921,-74.005708
58829455,46 St & 7 Ave,40.644743,-74.003754
21880633,47 Ave & 31 St,40.743,-73.93561
6699569,47 Ave & Skillman Ave,40.7437524099784,-73.94176483154297
55571025,47 St & 3 Ave,40.649143,-74.012384
2113439,48 Ave & 30 Pl,40.74128309355993,-73.93725872039794
67633834,48 Ave & 31 St,40.74133,-73.93616
15872972,48 Ave & 5 St,40.74436328706688,-73.9558732509613
65604028,48 St & 2 Ave,40.650176,-74.015606
46959883,48 St & 37 Ave,40.751555,-73.915026
65677525,48 St & 5 Ave,40.646351,-74.009271
52269183,48 St & Broadway,40.755763,-73.912715
49144406,49 Ave & 21 St,40.74252,-73.948852
53388457,49 St & 25 Ave,40.764496,-73.904632
49809557,49 St & 31 Ave,40.758057,-73.909831
34989931,5 Av & W 139 St,40.815484,-73.935856
63286238,5 Ave & 3 St,40.6728155,-73.98352355
51905844,5 Ave & 37 St,40.652657,-74.002356
48576789,5 Ave & 41 St,40.649983,-74.005144
67751202,5 Ave & 66 St,40.635679,-74.020005
44807252,5 Ave & 67 St,40.635679,-74.020005
17639766,5 Ave & E 103 St,40.7922553,-73.95249933
24505585,5 Ave & E 126 St,40.80698,-73.941747
46152263,5 Ave & E 135 St,40.812191,-73.937838
3484789,5 Ave & E 29 St,40.7451677,-73.98683077
4298507,5 Ave & E 63 St,40.766368,-73.971518
55539067,5 Ave & E 72 St,40.77282817,-73.96685276
3932115,5 Ave & E 73 St,40.77282817,-73.96685276
11578316,5 Ave & E 78 St,40.77632142182271,-73.96427392959595
53636630,5 Ave & E 87 St,40.782323,-73.959875
13221957,5 Ave & E 88 St,40.78307,-73.95939
20169790,5 Ave & E 93 St,40.7857851,-73.957481
60777718,5 Ave & W 126 St,40.80722,-73.9418
30370786,5 Ave & W 131 St,40.81014,-73.93973
3291841,5 Corners Library,40.73496102000952,-74.0595030784607
46611265,5 St & 51 Ave,40.742373,-73.9566
12250716,5 St & 6 Ave,40.6704836,-73.98208968
2211851,5 St & Market St,40.6999974843885,-73.97440128028393
61335668,50 St & 30 Ave,40.760083,-73.907107
63963645,50 St & Northern Blvd,40.753441,-73.912402
52495424,51 St &  Hobart St,40.757764,-73.907654
42692746,51 St & Hobart St,40.757764,-73.907654
50387397,52 St & 1 Ave,40.649292,-74.020105
48156578,52 St & 6 Ave,40.642703,-74.009441
45917698,53 St & 2 Ave,40.64744,-74.018846
48880809,53 St & 4 Ave,40.644862,-74.014531
56454086,53 St & 5 Ave,40.643371,-74.011884
68353263,55 St & 5 Ave,40.642408,-74.013318
69001716,55 St & 7 Ave,40.639673,-74.008957
58403546,57 St & 1 Ave - Brooklyn Army Terminal Vaccination Site,40.646377,-74.023087
67701002,57 St & 4 Ave,40.642622,-74.016866
63777831,58 St & 2 Ave - Brooklyn Army Terminal Vaccination Site,40.644512,-74.021506
68867359,58 St & 32 Ave,40.75574,-73.903427
66331905,58 St & Pier 4,40.646475,-74.026081
124478,58th St Depot,40.71690978045965,-73.98383796215057
61664107,59 St & 4 Ave,40.641269,-74.017651
65791681,59 St & 5 Ave,40.640125,-74.015726
27927973,6 Ave & 12 St,40.6663181,-73.9854617
56320143,6 Ave & 21 St,40.66016,-73.990974
46544705,6 Ave & 55 St,40.640831,-74.010996
47724821,6 Ave & 60 St,40.638196,-74.013821
41277843,6 Ave & 9 St,40.668127,-73.98377641
2575744,6 Ave & Broome St,40.724308321602166,-74.00473035871983
44258985,6 Ave & Canal St,40.722437,-74.005664
1010869,6 Ave & Spring St,40.7252556952547,-74.00412082672119
44193446,6 Ave & W 33 St,40.749013,-73.988484
57284685,6 Ave & W 34 St,40.74964,-73.98805
40693225,6 Ave & W 45 St,40.756951,-73.982631
48514819,6 St & 7 Ave,40.668662,-73.97988
61881182,6 St & Grand St,40.744398,-74.034501
58364787,62 St & 4 Ave,40.639859,-74.019776
43523525,62 St & Northern Blvd,40.754176,-73.900318
66539148,63 St & 5 Ave,40.63766,-74.01782
67792164,64 St & 3 Ave,40.639978,-74.02324
46542858,65 St & 2 Ave,40.640493,-74.02564
58080666,67 St & Erik Pl,40.633385,-74.016562
62464299,67 St & Ridge Blvd,40.638799,-74.027472
52049944,7 Ave & 20 St,40.659053,-73.98854
47643324,7 Ave & 22 St,40.658029,-73.989605
54118358,7 Ave & 40 St,40.648169,-74.000057
61403749,7 Ave & 41 St,40.647379,-74.000911
32274870,7 Ave & Central Park South,40.7667405590595,-73.9790689945221
59751637,7 Ave & Park Pl,40.6776147,-73.97324283
60458657,7 St & 3 Ave,40.672603,-73.98983
684050,7 St & 5 Ave,40.6704922,-73.98541675
58483592,7 St & Monroe St,40.74641264837719,-74.03797701001167
67013214,76 St & 21 Ave,40.77028,-73.893675
44715193,8 Ave & W 16 St,40.740983,-74.001702
46303951,8 Ave & W 27 St,40.747968,-73.996637
28154988,8 Ave & W 31 St,40.7505853470215,-73.9946848154068
18905694,8 Ave & W 33 St,40.751551,-73.993934
49895666,8 Ave & W 38 St,40.75461,-73.99177
61166868,8 Ave & W 49 St,40.76171227910671,-73.98655101656914
56728259,8 Ave & W 52 St,40.76370739,-73.9851615
40579456,8 St & Astoria Blvd,40.7725996921817,-73.93266275525093
67298022,8 St & Washington St,40.74598388291562,-74.02819901704788
48201569,9 Ave & W 18 St,40.743174,-74.003664
45009270,9 Ave & W 206 St,40.863089,-73.917583
63219319,9 Ave & W 219 St,40.871094,-73.911503
44047908,9 Ave & W 22 St,40.745497,-74.001971
15651049,9 Ave & W 28 St,40.74937024193277,-73.99923384189606
13555369,9 Ave & W 45 St,40.76019252,-73.9912551
26465288,9 St & 44 Rd,40.74966,-73.9521
67272325,9 St HBLR - Jackson St & 8 St,40.74790720968899,-74.03841152787209
63794222,Academy St & Nagle Ave,40.862562,-73.922661
43321121,Adam Clayton Powell Blvd & W 115 St,40.802535,-73.953242
24614178,Adam Clayton Powell Blvd & W 118 St,40.804372,-73.951475
59081086,Adam Clayton Powell Blvd & W 123 St,40.8078316,-73.949373
38497940,Adam Clayton Powell Blvd & W 126 St,40.80949534777948,-73.94776493310928
38736012,Adam Clayton Powell Blvd & W 130 St,40.812346,-73.946168
34239461,Adam Clayton Powell Blvd & W 132 St,40.813539,-73.94521
49104963,Adam Clayton Powell Blvd & W 138 St,40.816959,-73.942295
32832170,Adam Clayton Powell Blvd & W 141 St,40.819241,-73.941057
61434971,Adam Clayton Powell Blvd & W 151 St,40.825289,-73.936232
69096688,Adams St & 11 St,40.750915534784994,-74.03354063630104
69079789,Adams St & 2 St,40.73981372311843,-74.03690412640572
55566756,Adams St & Prospect St,40.70076308326151,-73.98869812488556
36218042,Adelphi St & Myrtle Ave,40.69308257,-73.97178913
53952626,Albany Ave & Fulton St,40.6800105,-73.938475
68739654,Albany St & Greenwich St,40.709267,-74.013247
63269441,Albemarle Rd & McDonald Ave,40.645074,-73.979681
48219999,Alexander Ave & E 134 St,40.807466,-73.927107
29006372,Allen St & Hester St,40.71605866,-73.99190759
4192723,Allen St & Rivington St,40.72019576,-73.98997825
50553752,Allen St & Stanton St,40.722055,-73.989111
30824535,Amsterdam Ave & W 119 St,40.8086249,-73.9596214
29643832,Amsterdam Ave & W 125 St,40.813358,-73.956461
49309277,Amsterdam Ave & W 131 St,40.816355,-73.954295
66290705,Amsterdam Ave & W 136 St,40.819746,-73.951819
47572904,Amsterdam Ave & W 152 St,40.829523,-73.944279
53456669,Amsterdam Ave & W 156 St,40.832081,-73.942386
57378765,Amsterdam Ave & W 162 St,40.83618,-73.939789
67337347,Amsterdam Ave & W 167 St,40.839443,-73.937044
55075058,Amsterdam Ave & W 172 St,40.842173,-73.935111
66637900,Amsterdam Ave & W 175 St,40.844044,-73.933651
41836615,Amsterdam Ave & W 180 St,40.847396,-73.931205
38343839,Amsterdam Ave & W 183 St,40.84925,-73.93022
51859820,Amsterdam Ave & W 186 St,40.851113,-73.928808
57287866,Amsterdam Ave & W 189 St,40.853142,-73.927094
60795794,Amsterdam Ave & W 66 St,40.7746671,-73.98470567
42939563,Amsterdam Ave & W 73 St,40.779668,-73.98093
67651230,Amsterdam Ave & W 79 St,40.7829391,-73.9786517
26433666,Amsterdam Ave & W 82 St,40.78524672,-73.97667321
62219578,Anderson Ave & W 164 St,40.832057,-73.927421
47528261,Andrew Ave N & Hall of Fame Tce,40.85834,-73.91008
53559354,Andrews Ave S & W 179 St,40.855156,-73.91278
53317267,Anthony Ave & E 175 St,40.846465,-73.903869
59999774,Anthony Ave & E Burnside Ave,40.75118387463277,-73.97138714790344
53776965,Anthony Ave & E Tremont Ave,40.848793,-73.903178
52993368,Aqueduct Ave & North St,40.8604787,-73.9057169936
50478578,Aqueduct Ave & W 190 St,40.8649213,-73.9024238
60193543,Ashland Pl & Dekalb Ave,40.690065,-73.978776
33100848,Astor Place,40.71928220070702,-74.07126188278198
40624555,Astoria Park S & Shore Blvd,40.7767,-73.927631
11313945,Atlantic Ave & Fort Greene Pl,40.68382604,-73.97632328
68457179,Atlantic Ave & Furman St,40.69165183,-73.9999786
62453804,Audobon Ave & W 179 St,40.847305,-73.933291
61017536,Audubon Ave & Fort George Ave,40.85715781391904,-73.92717361450195
46469236,Audubon Ave & W 192 St,40.85564,-73.927128
60060046,Ave D & E 8 St,40.72368361,-73.97574813
21074441,Avenue C & E 18 St,40.730563,-73.973984
59918023,Avenue D & E 10 St,40.72506551015475,-73.97515833377838
24359309,Avenue D & E 12 St,40.72580614,-73.97422494
35556419,Avenue D & E 3 St,40.72082834,-73.97793172
23235091,Avenue D & E 8 St,40.72387,-73.975767
21225024,Avenue D & E 8 St (home location),40.72368361,-73.97574813
59516095,Bailey Ave & Sedgwick Ave,40.86571,-73.90857
53891439,Bailey Ave & W 193 St,40.87069,-73.90678
50981145,Bainbridge Ave & Bedford Park Blvd,40.87002,-73.88565
65871114,Bainbridge Ave & E 193 St,40.86389,-73.89246
63250291,Bainbridge Ave & E 196 St,40.86648,-73.89042
68322839,Bainbridge Ave & E 198 St,40.8684871,-73.8884559781
7042500,Baldwin at Montgomery,40.7236589,-74.0641943
26971438,Baltic St & 5 Ave,40.6795766,-73.97854971
5401880,Bank St & Hudson St,40.73652889,-74.00618026
24214870,Bank St & Washington St,40.7361967,-74.00859207
18386919,Banker St & Meserole Ave,40.72606,-73.95621
58235698,Barclay St & Church St,40.71291224,-74.01020234
7677316,Barrow St & Hudson St,40.73172428,-74.00674436
62318093,Barry St & Tiffany St,40.816126,-73.891559
20345543,Battery Pl & Greenwich St,40.70463,-74.01507
67772639,Bay St & Court St,40.671409,-74.001328
60685097,Bayard St & Baxter St,40.71602118,-73.99974372
53935864,Bayard St & Leonard St,40.71915571696044,-73.94885390996933
30522679,Beaver St & Fayette St,40.70099,-73.93921
40783584,Beck St & Leggett Ave,40.815077,-73.899939
56937441,Bedford Ave & Bergen St,40.676368,-73.952918
68837135,Bedford Ave & Montgomery St,40.665816,-73.956934
60797423,Bedford Ave & Nassau Ave,40.72311651,-73.95212324
7177200,Bedford Ave & S 9 St,40.70853074,-73.96408963
59582839,Bedford Park Blvd & Paul Ave,40.87444,-73.89186
39698442,Bergen Ave,40.722103786686034,-74.07145500183105
55107297,Bergen Ave & E 152 St,40.817166,-73.914737
61901519,Bergen Ave & Stegman St,40.70657545063453,-74.0867006778717
56968509,Bergen St & 4 Ave,40.68256425759694,-73.9798977971077
47138262,Bergen St & Flatbush Ave,40.680944,-73.975673
37697182,Bergen St & Smith St,40.6867443,-73.99063168
20901341,Bergen St & Vanderbilt Ave,40.6794388,-73.9680438
38870248,Berkeley Pl & 6 Ave,40.6765304,-73.97846879
6463549,Berkeley Pl & 7 Ave,40.675146838709786,-73.97523209452629
3579778,Berry St & N 8 St,40.7190095,-73.95852515
48803258,Bialystoker Pl & Delancey St,40.716226,-73.982612
58380890,Bleecker St & Crosby St,40.72615604980408,-73.99510189890862
42728590,Bleecker St & Lafayette St,40.726156,-73.995101
65005183,Bloomfield St & 15 St,40.75453,-74.02658
55615707,Boerum Pl	& Pacific St,40.688489,-73.99116
51504880,Boerum Pl\t& Pacific St,40.688489,-73.99116
66608113,Boerum St & Broadway,40.70538077,-73.94976519
66373939,Bond St & Bergen St,40.6849668,-73.98620772
11071680,Bond St & Fulton St,40.68962188790333,-73.98304268717766
49923772,Boone Ave & E 172 St,40.832649,-73.885272
46901856,Boston Rd & E 167 St,40.828199,-73.903719
63363287,Boston Rd & Prospect Ave,40.833246,-73.896599
51029332,Botanical Sq & Webster Ave,40.86814,-73.88145
34148339,Bradhurst Ave & W 148 St,40.825125,-73.941616
63053718,Bridge St & Water St,40.70296934155272,-73.98469090461731
57177994,Bridge St & York St,40.70133448066992,-73.98471236228943
9999021,Broad St & Bridge St,40.70365182,-74.01167797
68896195,Broad St & Water St,40.70293782409166,-74.01149354875088
67885058,Broadway	& W 48 St,40.760177,-73.984868
13292197,Broadway & 12 St,40.7668,-73.9347774
48556521,Broadway & 49 St,40.755389,-73.911517
63449289,Broadway & 51 St,40.754164,-73.908906
17894564,Broadway & Battery Pl,40.70463334,-74.01361706
9620419,Broadway & Berry St,40.71044554,-73.96525063
14091566,Broadway & E 14 St,40.73454567,-73.99074142
68958844,Broadway & E 21 St,40.73988840858996,-73.98958593606949
3161830,Broadway & E 22 St,40.7403432,-73.98955109
64529712,Broadway & Ellwood St,40.862058,-73.929719
45513442,Broadway & Furman Ave,40.68139,-73.90756
20209178,Broadway & Hancock St,40.68663,-73.9168
57426921,Broadway & Kosciuszko St,40.69329,-73.92852
67463705,Broadway & Madison St,40.68822,-73.91966
18606138,Broadway & Moylan Pl,40.8143256,-73.9590255
66789761,Broadway & Roebling St,40.70924826276157,-73.96063148975372
3248053,Broadway & W 122 St,40.8120562,-73.9612547
61209823,Broadway & W 131 St,40.817555,-73.957163
49955272,Broadway & W 133 St,40.8190344,-73.956156
53619783,Broadway & W 142 St,40.824686,-73.951947
59065967,Broadway & W 153 St,40.831327,-73.946665
63546580,Broadway & W 155 St,40.83299,-73.94592
32308096,Broadway & W 160 St,40.835775,-73.9434
67136719,Broadway & W 165 St,40.839137,-73.941409
66024507,Broadway & W 168 St,40.84089603193041,-73.93972098827362
47675627,Broadway & W 185 St,40.852538,-73.93441
50095129,Broadway & W 192 St,40.857994,-73.932173
57773423,Broadway & W 220 St,40.872412,-73.912807
10204161,Broadway & W 25 St,40.74286877312112,-73.98918628692627
27232748,Broadway & W 29 St,40.7462009,-73.98855723
611384,Broadway & W 32 St,40.74854862,-73.98808416
32821651,Broadway & W 36 St,40.75097711,-73.98765428
27489793,Broadway & W 37 St,40.75172632,-73.98753523
18932007,Broadway & W 38 St,40.75299641,-73.98721619
64914413,Broadway & W 41 St,40.75513557,-73.98658032
29999599,Broadway & W 49 St,40.76068327096592,-73.9845272898674
6875378,Broadway & W 51 St,40.76228826,-73.98336183
63678293,Broadway & W 53 St,40.76344058,-73.98268129
36566344,Broadway & W 56 St,40.7652654,-73.98192338
66198345,Broadway & W 58 St,40.76695317,-73.98169333
9918928,Broadway & W 60 St,40.76915505,-73.98191841
69026042,Broadway & W 61 St,40.77003010255044,-73.9819684624672
2086445,Broadway & Whipple St,40.7016657,-73.9437303
68215016,Broadway\t& W 48 St,40.76017739537783,-73.98486793041229
47623134,Bronx Shore Comfort Station,40.80046,-73.92404
54168767,Brook Ave & E 138 St,40.807408,-73.91924
28451648,Brook Ave & E 141 St,40.809619,-73.917875
55207841,Brook Ave & E 148 St,40.814383,-73.915368
54716077,Brook Ave & E 157 St,40.820713,-73.911759
11117743,Brooklyn Bridge Park - Pier 2,40.698458,-73.997178
49055752,Bruckner Blvd & Bryant Ave,40.821952,-73.888546
9218084,Brunswick & 6th,40.72601172964625,-74.05038893222809
65020548,Brunswick St,40.7241765,-74.0506564
62633833,Buchanan Pl & Grand Ave,40.85834,-73.90626
62477339,Bulova Ave & Brooklyn Queens Expressway W,40.762507,-73.902534
7910860,Bus Slip & State St,40.701907,-74.013942
17777178,Bushwick Ave & Dekalb Ave,40.69502,-73.92825
64085864,Bushwick Ave & Forrest St,40.70076,-73.93641
61008802,Bushwick Ave & Furman Ave,40.68281,-73.90623
35723961,Bushwick Ave & Harman St,40.69356,-73.92524
57912322,Bushwick Ave & Linden St,40.69146,-73.92146
61342117,Bushwick Ave & McKibbin St,40.705517,-73.93936
27902923,Bushwick Ave & Powers St,40.71247661,-73.94100005
41398358,Bushwick Ave & Stagg St,40.709897,-73.94008
60622496,Butler St & Court St,40.6849894,-73.99440329
55297455,Cabrini Blvd & W 177 St,40.848282,-73.941343
39489003,Cadman Plaza E & Johnson St,40.69531727766904,-73.99015724658966
48257038,Cadman Plaza E & Red Cross Pl,40.699917,-73.989717
50278312,Cadman Plaza E & Tillary St,40.695976,-73.990148
7010257,Cadman Plaza West & Montague St,40.69383,-73.990539
68329084,Calyer St & Guernsey St,40.72755807335852,-73.95505852997303
18222186,Calyer St & Jewel St,40.72984,-73.94839
15791014,Cambridge Pl & Gates Ave,40.68488,-73.96304
10206744,Canal St & Rutgers St,40.71427487,-73.98990025
18159824,Carlton Ave & Dean St,40.6809741,-73.9710097
20960924,Carlton Ave & Flushing Ave,40.697787,-73.973736
28110504,Carlton Ave & Park Ave,40.69580705,-73.97355569
35144102,Carmine St & 6 Ave,40.73038599,-74.00214988
20330559,Carroll St & 5 Ave,40.6751622,-73.9814832
16686422,Carroll St & 6 Ave,40.6740886,-73.9787282
12112572,Carroll St & Bond St,40.6786115,-73.99037292
14619763,Carroll St & Columbia St,40.6830456,-74.00348559
45565357,Carroll St & Franklin Ave,40.667941,-73.9588
51656328,Carroll St & Smith St,40.680611,-73.99475825
46232780,Carroll St & Washington Ave,40.668674,-73.961814
56928277,Cathedral Pkwy & Broadway,40.804213,-73.96699104
17135736,Catherine St & Monroe St,40.71117444,-73.99682619
66904828,Caton Ave & Argyle Rd,40.649681,-73.967829
56998462,Caton Ave & E 10 St,40.648481,-73.97058
45133161,Caton Ave & E 7 St,40.647718,-73.973663
47826841,Cauldwell Ave & E 158 St,40.81989,-73.908351
32901058,Cauldwell Ave & E 161 St,40.82188,-73.907521
68695242,Cedar Ave & W Fordham Rd,40.86156,-73.91219
55080642,Cedar St & Evergreen Ave,40.69671,-73.92807
50908955,Cedar St & Myrtle Ave,40.697842,-73.926241
35727220,Center Blvd & 48 Ave,40.745038,-73.957539
33966016,Center Blvd & 51 Ave,40.74336608027021,-73.95960688591003
24719053,Central Ave & Covert St,40.68929,-73.90951
34516363,Central Ave & Decatur St,40.6882,-73.90798
30197609,Central Ave & Flushing Ave,40.702831,-73.9333
31335328,Central Ave & Himrod St,40.69676,-73.92302
48756041,Central Ave & Melrose St,40.70112,-73.93039
31606731,Central Ave & Starr Street,40.700003,-73.92834
30027693,Central Ave & Weirfield St,40.69055,-73.91181
63688635,Central Ave & Woodbine St,40.69296,-73.91605
64931903,Central Park North & Adam Clayton Powell Blvd,40.799484,-73.955613
60286254,Central Park S & 6 Ave,40.76590936,-73.97634151
33298346,Central Park W & W 103 St,40.79603684159984,-73.96158903853575
63594046,Central Park W & W 91 St,40.78866499127884,-73.96680057048798
27820906,Central Park W & W 96 St,40.79127,-73.964839
39241714,Central Park W & W 97 St,40.79249519495111,-73.96417066463071
14264109,Central Park West & W 100 St,40.79406660818552,-73.96286845207214
1181060,Central Park West & W 102 St,40.795346,-73.96186
17897492,Central Park West & W 68 St,40.7734066,-73.97782542
32786613,Central Park West & W 72 St,40.77579376683666,-73.9762057363987
24395420,Central Park West & W 76 St,40.77896784,-73.97374737
20895951,Central Park West & W 82 St,40.782593,-73.971211
23815060,Central Park West & W 85 St,40.78472675,-73.96961715
28872375,Central Park West & W 85 St (old),40.78472675,-73.96961715
45884866,Centre St & Chambers St,40.712732,-74.004607
44766375,Centre St & Seneca Ave,40.69969,-73.9022
64335534,Centre St & Worth St,40.71494807,-74.00234482
51157490,Charlotte St & Boston Rd,40.8358771,-73.8931428
17497707,Cherry St,40.71219906,-73.97948148
63791698,Chester Ave & 12 Ave,40.644367,-73.984276
7042809,Christ Hospital,40.734785818,-74.050443636
15231609,Christopher St & Greenwich St,40.73291553,-74.00711384
51881540,Church Ave & McDonald Ave,40.642809,-73.979239
49683572,Church Ave & Story St,40.642031,-73.981073
52215968,Church Sq Park - 5 St & Park Ave,40.742659,-74.032233
61912057,City Hall,40.7177325,-74.043845
67305002,City Hall - Washington St & 1 St,40.73736,-74.03097
32602401,Clark St & Henry St,40.69760127,-73.99344559
34114498,Classon Ave & St Marks Ave,40.6765198,-73.9596082
44923142,Clay Ave & Claremont Pkwy,40.83999,-73.90549
66834454,Clay Ave & E 173 St,40.843264,-73.904867
57592869,Clermont Ave & Lafayette Ave,40.68764484,-73.96968902
17384048,Clermont Ave & Park Ave,40.69573398,-73.97129668
50044785,Cleveland Pl & Spring St,40.722103786686034,-73.99724900722504
37580564,Cliff St & Fulton St,40.70838,-74.00495
7607051,Cliff St & Fulton St (Old),40.70831794366396,-74.00504082441329
12362871,Clinton Ave & Flushing Ave,40.69794,-73.96986848
18850525,Clinton Ave & Myrtle Ave,40.693261,-73.968896
42972248,Clinton St	& Cherry St,40.711471,-73.986726
68553886,Clinton St & 4 Place,40.6783563,-74.00014502
67279792,Clinton St & 7 St,40.74542,-74.03332
39472791,Clinton St & Centre St,40.67434,-74.00194698
65586626,Clinton St & Cherry St,40.711471394469264,-73.98672603070736
17677166,Clinton St & Grand St,40.71559509,-73.9870295
39031716,Clinton St & Joralemon St,40.69239502,-73.99337909
69070053,Clinton St & Newark St,40.73743,-74.03571
43336234,Clinton St & Tillary St,40.696232,-73.99142
11203940,Clinton St & Union St,40.6831164,-73.99785267
47007042,Clinton St\t& Cherry St,40.711471,-73.986726
29321978,Coffey St & Conover St,40.677236,-74.015665
65399719,Coffey St & Ferris St,40.67818387977647,-74.0170168876648
33846659,College Ave & E 170 St,40.837576,-73.910489
50549193,Columbia Heights & Cranberry St,40.700378,-73.99548
55583108,Columbia St & Degraw St,40.6859296,-74.00242364
14135711,Columbia St & Kane St,40.68763155,-74.0016256
6786044,Columbia St & Lorraine St,40.6747055,-74.0075572
33981198,Columbia St & Rivington St,40.71739973,-73.98016555
34931491,Columbia St & W 9 St,40.6769993,-74.00647134
65565526,Columbus Ave & W 103 St,40.7969347,-73.9643412291
9314648,Columbus Ave & W 72 St,40.7770575,-73.97898475
28963352,Columbus Ave & W 95 St,40.7919557,-73.968087
18450707,Columbus Dr at Exchange Pl,40.71687,-74.03281
26664076,Columbus Drive,40.71835519823214,-74.03891444206238
67254498,Columbus Park - Clinton St & 9 St,40.74816121065146,-74.0324530005455
49323734,Commerce St & Van Brunt St,40.681211,-74.008609
55316717,Communipaw & Berry Lane,40.71435836870427,-74.06661093235016
169490,Concord St & Bridge St,40.69766564,-73.98476437
59683503,Concourse Village East & E 158 St,40.823732,-73.919379
47510310,Concourse Village West & E 156 St,40.823162,-73.923267
43814648,Congress St & Clinton St,40.688152,-73.995209
59385890,Congress St & Hicks St,40.6893952,-73.9995126
26125423,Convent Ave & W 135 St,40.818215,-73.950988
32303659,Convent Ave & W 151 St,40.82831,-73.942924
58826840,Cooper Square & Astor Pl,40.72951496224949,-73.99075269699097
58046363,Court St & Nelson St,40.6763947,-73.99869893
41059861,Court St & State St,40.6902375,-73.99203074
65380129,Courtlandt Ave & E 149 St,40.816402,-73.919549
56452962,Courtlandt Ave & E 157 St,40.822267,-73.916792
27391730,Crescent St & 30 Ave,40.768692,-73.9249574
11573019,Crescent St & 34 Ave,40.76108,-73.930562
59349380,Crescent St & 35 Ave,40.7596276,-73.9321455
61303058,Crescent St & Broadway,40.7633589,-73.9286471
21779021,Crescent St & Ditmars Blvd,40.7787185,-73.9145645
58632807,Creston Ave & E 178 St,40.850885,-73.906469
58210107,Creston Ave & E 181 St,40.8549,-73.90281
62883328,Crotona Park East & E 173 St,40.837037,-73.890413
40007272,Crotona Park North & Prospect Ave,40.841092,-73.892317
4632603,Crown St & Bedford Ave,40.666563,-73.956741
39945563,Cumberland St & Lafayette Ave,40.68753406,-73.97265183
19912082,Cypress Ave & George St,40.69812,-73.90271
27971486,Cypress Ave & Palmetto St,40.70157340873792,-73.90876293182373
68096103,Dahill Rd & 12 Ave,40.646037,-73.980963
67897313,Davidson Ave & W Burnside Ave,40.853646,-73.908731
45158366,Dawson St & Intervale Ave,40.819999,-73.897263
45242221,DeKalb Ave & Franklin Ave,40.690648,-73.957461
66633910,DeKalb Ave & Hudson Ave,40.689888,-73.981013
29836106,DeKalb Ave & S Portland Ave,40.68981035,-73.97493121
2358253,DeKalb Ave & Skillman St,40.6906495,-73.95643107
51070634,DeKalb Ave & Vanderbilt Ave,40.689407,-73.968854
15213608,Dean St & 4 Ave,40.68312489,-73.97895137
64283100,Dean St & Franklin Ave,40.67759206937376,-73.955637216568
24505287,Dean St & Hoyt St,40.6864442,-73.98759104
60799778,Decatur Ave & Bedford Park Blvd,40.86813,-73.88412
54244795,Decatur Ave & E 197 St,40.86557,-73.88807
56406961,Decatur Ave & Oliver Pl,40.867,-73.8857764
50065107,Degraw St & Hoyt St,40.68199,-73.99079
16139574,Degraw St & Smith St,40.6829151,-73.99318208
32379134,Delancey St & Eldridge St,40.719383,-73.991479
1210552,Devoe St & Lorimer St,40.71335226222875,-73.9491033554077
41989770,Devoe St & Morgan Ave,40.713811,-73.93515
58460974,Dey St,40.737711,-74.066921
45858444,Ditmars Ave & 43 St,40.771203,-73.903865
32177446,Ditmars Blvd & 19 St,40.78145,-73.9183302
65828256,Ditmars Blvd & 43 St,40.771203,-73.903865
56674518,Ditmars Blvd & 48 St,40.769219,-73.901001
59907449,Ditmars Blvd & 73 St,40.76817,-73.896293
51082193,Ditmars Blvd & 76 St,40.768442,-73.893531
59352364,Ditmars Blvd & 79 St,40.768728,-73.890745
1708443,Division Av & Hooper St,40.70684203101325,-73.9544353965357
48538732,Division Ave & Hooper St,40.706842,-73.954435
56418954,Division Ave & Marcy Ave,40.70708701,-73.95796783
52497667,Division St & Bowery,40.714193,-73.996732
19982921,Division St & Bowery (old),40.71413089,-73.9970468
20942964,Dixon Mills,40.721630142638354,-74.04996782541275
37326461,Dock 72 Way & Market St,40.69985,-73.97141
65722118,Dock St & Front St,40.702709,-73.99253
53260963,Douglass St & 3 Ave,40.6802133,-73.98432695
48595195,Douglass St & 4 Ave,40.679278,-73.98154
44013671,Driggs Ave & Lorimer St,40.721791,-73.950415
24675550,Driggs Ave & N 9 St,40.71816969454208,-73.95520135760307
66714927,Driggs Ave & N Henry St,40.72325,-73.94308
62270296,Duane St & Greenwich St,40.71748752,-74.0104554
68422365,Duane St & Hudson St,40.71703,-74.00925
1967519,Duffield St & Willoughby St,40.69221589,-73.9842844
33782092,Dwight St & Van Dyke St,40.67363551341504,-74.01195555925369
52759545,Dyckman St & 10 Ave,40.85890447538412,-73.9230939745903
46727365,Dyckman St & Henshaw St,40.867357,-73.92936
66508514,Dyckman St & Staff St,40.868846,-73.931537
43949901,E 1 St & 1 Ave,40.723355,-73.988649
34782319,E 10 St & 5 Ave,40.73331967,-73.99510132
54571902,E 10 St & Avenue A,40.72740794,-73.98142006
37730683,E 102 St & 1 Ave,40.7869946,-73.94164802
32194939,E 102 St & Park Ave,40.7904828,-73.95033068
63975535,E 103 St & Lexington Ave,40.7903051,-73.94755757
55703831,E 106 St & 1 Ave,40.7892529,-73.93956237
38966419,E 106 St & Lexington Ave,40.791976,-73.945993
48407354,E 106 St & Madison Ave,40.793433,-73.94945
49530559,E 109 St & 3 Ave,40.79329668,-73.9432083
27610682,E 11 St & 1 Ave,40.72953837,-73.98426726
26173203,E 11 St & 2 Ave,40.73047309,-73.98672378
63707922,E 11 St & 3 Ave,40.73127,-73.98849
53696268,E 11 St & Avenue B,40.72746420692392,-73.97950418293476
2544778,E 11 St & Broadway,40.73261787,-73.99158043
61588987,E 110 St & Madison Ave,40.7961535,-73.94782145
31150880,E 114 St & 1 Ave,40.7945663,-73.9362541
18835598,E 115 St & Lexington Ave,40.797911,-73.9423
38200494,E 115 St & Madison Ave,40.7989445,-73.944846
22813148,E 116 St & 2 Ave,40.796879,-73.937261
999418,E 118 St & 1 Ave,40.79747,-73.93504
44764069,E 118 St & 3 Ave,40.799139,-73.938915
7901647,E 118 St & Madison Ave,40.8014866,-73.9442507
15901387,E 118 St & Park Ave,40.8005385,-73.9419949
10887245,E 12 St & 3 Ave,40.73223272,-73.98889957
18749880,E 12 St & 4 Av,40.73269,-73.98974
23216025,E 12 St & Ave C,40.727243,-73.976831
6253717,E 123 St & Lexington Ave,40.8029263,-73.9379
44677229,E 128 St & 3 Ave,40.805631,-73.934077
44867805,E 128 St & Madison Ave,40.80756,-73.939182
62946269,E 13 St & 2 Ave,40.73153937464073,-73.9853024482727
54281041,E 13 St & Avenue A,40.72966729392978,-73.98067966103554
28503436,E 132 St & Madison Ave,40.810224,-73.937195
28830052,E 133 St & Cypress Pl,40.80262,-73.9174
48257218,E 134 St & Walnut Ave,40.800425,-73.911034
62304930,E 135 St & St Ann's Ave,40.805089,-73.918889
49844812,E 138 St & 5 Av,40.81449,-73.936153
45407850,E 138 St & Canal St W,40.812304,-73.929153
39911581,E 138 St & Cypress Ave,40.805559,-73.914718
41426619,E 138 St & Grand Concourse,40.813224,-73.930605
67130724,E 138 St & Willow Ave,40.804168,-73.911545
61374819,E 14 St & Avenue B,40.72938685,-73.97772429
28344546,E 141 St & Jackson Ave,40.806896,-73.911837
40134546,E 141 St & St Ann's Ave,40.808633,-73.916124
32798242,E 142 St & 3 Ave,40.812735,-73.923697
64748538,E 144 St & Brook Ave,40.811675,-73.917037
61711137,E 147 St & Bergen Ave,40.814673,-73.91839
31620134,E 149 St & Eagle Ave,40.814046,-73.91186
28642925,E 149 St & Jackson Ave,40.813135,-73.909235
56895152,E 149 St & Morris Ave,40.81734,-73.922962
64541314,E 149 St & Park Ave,40.818154,-73.925294
10099968,E 15 St & 3 Ave,40.734232,-73.986923
34126859,E 150 St & Gerard Ave,40.820089,-73.928947
41103324,E 153 St & E 157 St,40.826677,-73.929327
35487956,E 155 St & Courtlandt Ave,40.82057,-73.917579
38786962,E 156 & Brook Ave,40.819823,-73.912411
64226147,E 157 St & River Ave,40.825737,-73.927311
60625067,E 158 St & Melrose Ave,40.822215,-73.914688
28416636,E 16 St & 5 Ave,40.73726186,-73.99238967
29471529,E 16 St & Irving Pl,40.735367055605394,-73.98797392845154
59797121,E 160 St & Tinton Ave,40.820302,-73.903944
60202301,E 161 St & Park Ave,40.824811,-73.916407
49700404,E 161 St & River Ave,40.827883,-73.927111
58245640,E 163 St & Tiffany St,40.821075,-73.895069
48545346,E 163 St & Union Ave,40.822545,-73.901824
37977025,E 165 St & Clay Ave,40.82809,-73.91288
47696506,E 165 St & Fox St,40.82394,-73.894025
56462057,E 165 St & Jerome Ave,40.83263,-73.925101
45946940,E 167 St & Bryant Ave,40.826706,-73.888719
35946183,E 167 St & Clay Ave,40.83094,-73.91125
56638552,E 167 St & Franklin Ave,40.82895,-73.90521
36775925,E 169 St & Fox St,40.827184,-73.893721
38691178,E 169 St & Webster Ave,40.834015,-73.908863
935410,E 17 St & Broadway,40.73704984,-73.99009296
43901778,E 170 St & Clay Ave,40.837213,-73.908345
61983790,E 170 St & Sheridan Ave,40.838315,-73.912604
38759661,E 170 St & Webster Ave,40.83617913677475,-73.90730146322765
38054459,E 170 St & Webster Ave_old,40.836103,-73.907199
59831563,E 171 St & 3 Ave,40.837119,-73.902185
44275666,E 171 St & Webster Ave,40.838379,-73.905838
66993699,E 174 St & Longfellow Ave,40.836274,-73.884308
65686521,E 174 St & Walton Ave,40.844811,-73.912042
49702139,E 188 St & Creston Ave,40.861669,-73.898589
10018718,E 19 St & 3 Ave,40.73624527,-73.98473765
4367613,E 2 St & 2 Ave,40.72502876,-73.99069656
35583489,E 2 St & Avenue A,40.72307749068673,-73.98583620786667
18274161,E 2 St & Avenue B,40.72217444,-73.98368779
48075181,E 2 St & Avenue C,40.720873,-73.980857
36671264,E 20 St & 2 Ave,40.73587678,-73.98205027
51479793,E 20 St & FDR Drive,40.733142,-73.975738
10942832,E 20 St & Park Ave,40.73827428,-73.98751968
68462790,E 201 St & Briggs Ave,40.87207,-73.88459
22297225,E 23 St & 1 Ave,40.736502,-73.97809472
12965059,E 24 St & Park Ave S,40.74096374,-73.98602213
37391457,E 25 St & 1 Ave,40.7381765,-73.97738662
17789815,E 25 St & 2 Ave,40.73912601,-73.97973776
23206492,E 27 St & 1 Ave,40.739445,-73.976806
65162775,E 27 St & Park Ave S,40.74275179648995,-73.9847157150507
56443450,E 3 St & 1 Ave,40.72467721,-73.98783413
67959090,E 3 St & Church Ave,40.643817,-73.977433
64610139,E 30 St & Park Ave S,40.74444921,-73.98303529
15401407,E 31 St & 3 Ave,40.74394314,-73.97966069
52782205,E 32 St & Park Ave,40.7457121,-73.98194829
14123714,E 33 St & 1 Ave,40.74322681432173,-73.97449783980846
58572714,E 33 St & 5 Ave,40.74765947,-73.98490707
629456,E 35 St & 3 Ave,40.746524,-73.977885
24675608,E 39 St & 2 Ave,40.74780373,-73.9734419
6549606,E 39 St & 3 Ave,40.7489006,-73.97604882
49376910,E 39 St & Lexington Ave,40.749498,-73.977292
20900584,E 4 St & 2 Ave,40.7262807,-73.98978041
67940742,E 4 St & Ave B,40.72334683218016,-73.98265913128853
50797347,E 40 St & 5 Ave,40.752062,-73.981632
68597307,E 40 St & Park Ave,40.750756,-73.978326
11373245,E 41 St & Madison Ave,40.752165280621966,-73.97992193698882
65719135,E 41 St & Madison Ave (SE corner),40.752049,-73.979635
68515083,E 41 St & Madison Ave (SW corner),40.752165280621966,-73.97992193698882
42677148,E 43 St & 2 Ave,40.750223,-73.971214
41136494,E 43 St & 5 Ave,40.754120810779256,-73.98025184869766
40728700,E 44 St & 2 Ave,40.75118387463277,-73.97138714790344
66224733,E 44 St & Lexington Ave,40.752643,-73.974996
17962764,E 45 St & 3 Ave,40.75255434,-73.97282625
39871393,E 47 St & 1 Ave,40.75206862,-73.96784384
60858340,E 47 St & 2 Ave,40.75323098,-73.97032517
4224595,E 47 St & Park Ave,40.75510267,-73.97498696
58706942,E 48 St & 3 Ave,40.7546011026,-73.971878855
54411689,E 48 St & 5 Ave,40.75724567911726,-73.97805914282799
68434488,E 5 St & Ave A,40.72479007746337,-73.98430064320564
7429232,E 5 St & Avenue C,40.72299208,-73.97995466
67404485,E 5 St & Cooper Sq,40.72769,-73.990993
55971858,E 50 St & Park Ave,40.757334,-73.974235
1057635,E 51 St & 1 Ave,40.75455731,-73.96592976
29182068,E 51 St & 2 Ave,40.755293,-73.967641
13996127,E 51 St & Lexington Ave,40.75714758,-73.97207836
8371564,E 52 St & 2 Ave,40.756014,-73.967416
2118194,E 53 St & 3 Ave,40.75763227739443,-73.96930575370789
44080554,E 53 St & Lexington Ave,40.75828,-73.970694
68552879,E 53 St & Madison Ave,40.7597108,-73.97402311
62978438,E 54 St & 1 Ave,40.756265,-73.964179
5119206,E 55 St & 2 Ave,40.75797322,-73.96603308
2085656,E 55 St & 3 Ave,40.75899655960512,-73.96865397691727
6145232,E 55 St & Lexington Ave,40.75968085,-73.97031366
50981616,E 56 St & 3 Ave,40.759345,-73.967596
41908535,E 56 St & Madison Ave,40.761573,-73.972628
34272330,E 58 St &  1 Ave (NW Corner),40.759125,-73.962658
419232,E 58 St & 1 Ave,40.75892386377695,-73.96226227283478
62760378,E 58 St & 1 Ave (NE Corner),40.75892386377695,-73.96226227283478
59557367,E 58 St & 1 Ave (NW Corner),40.759125,-73.962658
2727341,E 58 St & 3 Ave,40.76095756,-73.96724467
3826390,E 58 St & Madison Ave,40.76302594280519,-73.97209525108337
27633613,E 59 St & Madison Ave,40.76350532,-73.97109243
15454808,E 6 St & Avenue B,40.72453734,-73.98185424
4240624,E 6 St & Avenue D,40.72228087,-73.97668709
68277975,E 60 St & York Ave,40.759107,-73.959223
23480622,E 63 St & 3 Ave,40.763954,-73.9646
41306077,E 65 St & 2 Ave,40.76471851944339,-73.96222069859505
17580022,E 66 St & Madison Ave,40.76800889305947,-73.96845281124115
5485052,E 67 St & Park Ave,40.76780080148132,-73.96592080593109
25264625,E 68 St & 3 Ave,40.76712840349542,-73.96224617958069
63918200,E 68 St & Madison Ave,40.7691572,-73.96703464
68402862,E 7 St & Ave B,40.7251285241158,-73.98131668567657
68625427,E 7 St & Ave C,40.72412944090093,-73.97901266813278
47495485,E 7 St & Avenue A,40.726217,-73.983798
307381,E 71 St & 2 Ave,40.76817546742245,-73.95910263061523
25459522,E 72 St & Park Ave,40.77118287540658,-73.96409422159195
5120687,E 72 St & York Ave,40.76663814,-73.95348296
37969796,E 74 St & 1 Ave,40.7689738,-73.95482273
647888,E 75 St & 3 Ave,40.77112927,-73.95772297
50227184,E 76 St & Park Ave,40.773763,-73.96222088
52296885,E 77 St & 3 Ave,40.77314236,-73.95856158
29051228,E 78 St & 2 Ave,40.7727966,-73.95577801
49995159,E 8 St & Caton Ave,40.648055,-73.972432
18725981,E 80 St & Park Ave,40.776173,-73.959757
47488613,E 81 St & 2 Ave,40.774779,-73.954274
66325453,E 81 St & 3 Ave,40.77573034,-73.9567526
63000800,E 81 St & Park Ave,40.77677702,-73.9590097
42668354,E 81 St & York Ave,40.772838,-73.949892
43220548,E 82 St & East End Ave,40.77246,-73.94682
68573115,E 84 St & 1 Ave,40.77565541,-73.95068615
17091919,E 84 St & 3 Ave,40.77755374298887,-73.95512759685516
5914851,E 84 St & Park Ave,40.77862688,-73.95772073
39091042,E 85 St & 3 Ave,40.77801203,-73.95407149
40456063,E 85 St & York Ave,40.77536905,-73.94803392
43304218,E 88 St & 1 Ave,40.778301,-73.948813
66445894,E 88 St & Park Ave,40.781410700190015,-73.95595908164978
27106341,E 89 St & 3 Ave,40.7806284,-73.9521667
45579150,E 89 St & York Ave,40.777945,-73.946041
46474345,E 9 St & 5 Ave,40.732758,-73.995816
11988658,E 9 St & Avenue C,40.72521311,-73.97768752
48514333,E 91 St & 2 Ave,40.781122,-73.949655
8028537,E 91 St & Park Ave,40.7835016,-73.955327
68304240,E 92 St & Park Ave,40.78385,-73.95416
68629970,E 93 St & 2 Ave,40.782454175279874,-73.9489196240902
50309874,E 95 St & 3 Ave,40.784903,-73.950503
58728715,E 97 St & 3 Ave,40.7859201,-73.94860294
29121027,E 97 St & Madison Ave,40.787801,-73.953559
33357754,E 98 St & Park Ave,40.78813,-73.95206
55295939,E Burnside Ave & Ryer Ave,40.850535,-73.901318
64537763,E Fordham Rd & Webster Ave,40.861748,-73.89105
56432169,E Mosholu Pkwy & E 204 St,40.8740704,-73.8833650931
66594881,E Mosholu Pkwy & Van Cortlandt Ave E,40.87656,-73.88366
60100168,E Tremont Ave & E 176 St,40.847798,-73.901883
67401113,E Tremont Ave & Jerome Ave,40.851747,-73.908964
65775045,East End Ave & E 86 St,40.77518615,-73.94446054
7194513,Eastern Pkwy & Franklin Ave,40.6707767,-73.9576801
54327398,Eastern Pkwy & Washington Ave,40.6716493,-73.9631145
10393902,Eckford St & Engert Ave,40.72146256229816,-73.94800901412964
44596061,Edgecombe Ave & W 141 St,40.820681,-73.945144
53447786,Edgecombe Ave & W 145 St,40.823498,-73.94386
55454763,Edgecombe Ave & W 150 St,40.826881,-73.941427
45516518,Edgecombe Ave & W 167 St,40.838191,-73.936085
60193045,Eldert St & Bushwick Ave,40.68652,-73.91321
30673359,Emerson Pl & Myrtle Ave,40.69363137,-73.96223558
52818280,Engert Ave & McGuinness Blvd,40.72158,-73.94546
979053,Essex Light Rail,40.7127742,-74.0364857
42978873,Evergreen Ave & Noll St,40.70106,-73.93318
5067132,Exchange Place,40.7162469,-74.0334588
32987978,FDR Drive & E 35 St,40.744219,-73.97121214
51123580,Faile St & Garrison Ave,40.820578,-73.888271
55326521,Fairmount Ave,40.72572613742557,-74.07195925712585
26838290,Fairview Ave & Linden St,40.70694,-73.90632
58397315,Featherbed Ln & Jerome Ave,40.845505,-73.914311
67473046,Featherbed Ln & Nelson Ave,40.846011,-73.919637
68600786,Flatbush Ave & Eastern Pkwy,40.668757,-73.966438
67969296,Flatbush Ave & Ocean Ave,40.663657,-73.963014
54687701,Flushing Ave & Vanderbilt Ave,40.69795031569544,-73.97077560424805
54872880,Flushing Ave & Woodward Ave,40.71246,-73.91873
61204925,Folin St & E 181 St,40.853929,-73.898385
46006178,Forest Ave & Summerfield St,40.69922,-73.89795
45202641,Forsyth St	& Grand St,40.717798,-73.993161
15787596,Forsyth St & Broome St,40.71893904,-73.99266288
12881771,Forsyth St & Canal St,40.7158155,-73.99422366
54106969,Forsyth St\t& Grand St,40.71779817737835,-73.99316132068634
63901025,Fort Washington Ave & W 173 St,40.84522,-73.940493
45479364,Fort Washington Ave & W 183 St,40.852252,-73.937854
67009094,Franklin Ave & E 169 St,40.83171,-73.90208
4711476,Franklin Ave & Empire Blvd,40.66314,-73.9605695
25377821,Franklin Ave & Myrtle Ave,40.694546087246025,-73.95801365375519
47070444,Franklin Ave & St Marks Ave,40.675832,-73.956167
4859228,Franklin St & Dupont St,40.73564,-73.95866
50798083,Franklin St & W Broadway,40.71911552,-74.00666661
58555516,Frederick Douglass Blvd & Harlem River Dr,40.830702,-73.936371
46873406,Frederick Douglass Blvd & W 112 St,40.801694,-73.957145
39765103,Frederick Douglass Blvd & W 115 St,40.8038654,-73.9559308
20450504,Frederick Douglass Blvd & W 117 St,40.805159,-73.954692
21910798,Frederick Douglass Blvd & W 129 St,40.8125511,-73.9492286
68813080,Frederick Douglass Blvd & W 139 St,40.81900581806558,-73.94476890563965
64444682,Frederick Douglass Blvd & W 145 St,40.823061,-73.941928
36737124,Freeman St & Reverend James A Polite Ave,40.830529,-73.894717
49650025,Freeman St & Southern Blvd,40.830051,-73.892103
54897180,Front St & Gold St,40.70224,-73.982578
36160665,Front St & Jay St,40.702461,-73.986842
16128417,Front St & Maiden Ln,40.70530954,-74.00612572
14262494,Front St & Washington St,40.70255088,-73.98940236
65307273,Frost St & Debevoise Ave,40.71882,-73.93948
34059134,Frost St & Meeker Ave,40.71766197083994,-73.94880026578903
428079,Frost St & Meeker St,40.71764,-73.94882
51896272,Ft. Hamilton Pkwy & E 2 St,40.648005,-73.979342
59525886,Ft. Hamilton Pkwy & E 5 St,40.649037,-73.97673
45447395,Ft. Washington Ave & W 190 St,40.856906,-73.935662
40658604,Fulton Ave & E 168 St,40.830471,-73.904556
52760567,Fulton Ave & E 172 St,40.839229,-73.899047
67452945,Fulton Ave & St. Paul's Pl,40.83545,-73.90153
18135786,Fulton St & Adams St,40.69241829257847,-73.98949474096298
37490876,Fulton St & Broadway,40.711066,-74.009447
67640055,Fulton St & Clermont Ave,40.68415748,-73.96922273
1604148,Fulton St & Grand Ave,40.68223166,-73.9614583
64671283,Fulton St & Irving Pl,40.68186,-73.959432
46487171,Fulton St & Pearl St,40.707721,-74.004386
8304673,Fulton St & Rockwell Pl,40.68841,-73.979458
8592390,Fulton St & Utica Ave,40.6794268,-73.9298911
44953260,Fulton St & Waverly Ave,40.683238,-73.965995
3768463,Fulton St & William St,40.70955958,-74.00653609
37092412,Gansevoort St & Hudson St,40.73944820130404,-74.00507032871246
54061539,Garfield Pl & 8 Ave,40.6711978,-73.97484126
56274641,Garrison Ave & Manida St,40.818743,-73.890247
25711660,George St & Wilson Ave,40.702997,-73.92997
59729574,Gerard Ave & E 146 St,40.817755,-73.92965
62413428,Gerard Ave & E 164 St,40.830262,-73.923391
65796194,Gerard Ave & E 165 St,40.83173,-73.922394
42230864,Gerard Ave & McClellan St,40.833909,-73.92112
5098873,Glenwood Ave,40.72755146730012,-74.07106071710587
60305142,Goble Pl & Macombs Rd,40.844075,-73.917256
658384,Gold St & Frankfort St,40.71069994631387,-74.00354146957397
49583280,Goulden Ave & Bedford Park Blvd W,40.87387,-73.89533
53989703,Goulden Ave & W 197 St,40.87156,-73.89714
59071549,Goulden Ave & W 205 St,40.87812,-73.89192
26270906,Graham Ave & Conselyea St,40.715143,-73.944507
51841774,Graham Ave & Grand St,40.711863,-73.944024
19561762,Graham Ave & Herbert St,40.71929301,-73.94500379
35901533,Graham Ave & Withers St,40.7169811,-73.94485918
47960193,Grand Army Plaza & Central Park S,40.764397,-73.973714
14264295,Grand Army Plaza & Plaza St West,40.6729679,-73.97087984
44260057,Grand Ave & Bergen St,40.678045,-73.962408
68080683,Grand Ave & W 181 St,40.856302,-73.907302
57497813,Grand Ave & W Fordham Rd,40.86288,-73.90316
58094432,Grand Concourse & E 144  St,40.81687039466032,-73.92798498272896
34441295,Grand Concourse & E 144 St,40.816576,-73.927987
66041144,Grand Concourse & E 156 St,40.823429,-73.924689
50826947,Grand Concourse & E 161  St,40.827115,-73.92272
40474616,Grand Concourse & E 161 St,40.827115,-73.92272
52828418,Grand Concourse & E 164 St,40.829608,-73.921461
65290490,Grand Concourse & E 166 St,40.83196,-73.91956
49093092,Grand Concourse & E 167 St,40.834263,-73.917641
46092905,Grand Concourse & E 171 St,40.839549,-73.913004
63470295,Grand Concourse & E 175 St,40.846221,-73.909232
55872650,Grand Concourse & E 192 St,40.86448,-73.89522
65709937,Grand Concourse & E 196 St,40.86767,-73.89286
64074470,Grand Concourse & E 197 St,40.86945,-73.89148
68305631,Grand Concourse & E 199 St,40.87142,-73.88839
61346087,Grand Concourse & E 203 St,40.87382,-73.88661
53924700,Grand Concourse & E 205 St,40.875531,-73.8863864831
49782805,Grand Concourse & E Mosholu Pkwy S,40.877964,-73.8847550291
52396256,Grand Concourse & East Mount Eden Ave,40.84301,-73.91172
65067439,Grand St,40.71517767732029,-74.03768330812454
58500745,Grand St & 14 St,40.75409,-74.0316
61867362,Grand St & 2 St,40.73913,-74.03618
64107619,Grand St & Elizabeth St,40.718822,-73.99596
48917455,Grand St & Greene St,40.7217,-74.002381
16919739,Grand St & Havemeyer St,40.71286844,-73.95698119
64502855,Grand St & Samuel Dickstein Plaza,40.71511871996496,-73.98417055606842
37277054,Grant Ave & E 164 St,40.828847,-73.91769
42877629,Grant Ave & E 169 St,40.83579,-73.913741
61838364,Grant Ave & MLK Dr,40.70919832245443,-74.08084273338318
32421771,Great Jones St,40.72743423,-73.99379025
31200688,Green St & McGuinness Blvd,40.73396,-73.95204
21715431,Greene Av & Myrtle Av,40.698568,-73.918877
27224713,Greene Ave & Grandview Ave,40.709697,-73.907856
31934586,Greene Ave & Nostrand Ave,40.6883337,-73.950916
27977931,Greene Ave & Throop Ave,40.6894932,-73.942061
17624859,Greenpoint Ave & Manhattan Ave,40.73026,-73.95394
25313930,Greenpoint Ave & Manhattan Ave [temporarily removed],40.73026,-73.95394
32217678,Greenwich Ave & 8 Ave,40.7390169121,-74.0026376103
49623379,Greenwich Ave & Charles St,40.735238,-74.000271
50875318,Greenwich St & Hubert St,40.721319,-74.010065
63036281,Greenwich St & Perry St,40.73498,-74.00697
39709483,Greenwich St & W Houston St,40.728846,-74.008591
54485219,Greenwood Ave & E 4 St,40.650739,-73.977739
37418627,Grove St & Broadway,40.69047,-73.923511
16317988,Grove St PATH,40.71958611647166,-74.04311746358871
43791370,Halsey St & Broadway,40.68565,-73.91564
54594127,Halsey St & Evergreen Ave,40.68858,-73.91227
59208680,Halsey St & Tompkins Ave,40.6823687,-73.944118
40796692,Hamilton Park,40.727595966,-74.044247311
48293761,Hamilton Pl & W 138 St,40.821728,-73.952761
29032934,Hamilton Pl & W 140 St,40.822756,-73.951346
29031773,Hancock St & Bedford Ave,40.68216564,-73.95399026
49350679,Hancock St & Wyckoff Ave,40.6972,-73.90674
1663613,Handlebar @ Gowanus,40.66979964220026,-73.99497985839844
13690847,Hanson Pl & Ashland Pl,40.68506807308177,-73.97790759801863
52157058,Harborside,40.7192517,-74.034234
49339360,Harlem River Dr & W 155 St,40.830476,-73.939929
56412219,Harman St & Seneca Ave,40.70577,-73.91292
16753689,Harrison Pl & Porter Ave,40.70686,-73.92851
43381148,Harrison St & Hudson St,40.718709,-74.009
38462180,Hart St & Wyckoff Ave,40.704876,-73.919911
63569673,Hazen St & 20 Ave,40.772092,-73.895166
55319476,Heights Elevator,40.74871594538023,-74.04044330120087
4355768,Henry St & Atlantic Ave,40.69089272,-73.99612349
11938803,Henry St & Bay St,40.6725058,-74.00494695
8460462,Henry St & Degraw St,40.6847514,-73.99917254
1009914,Henry St & Grand St,40.714215,-73.981346
10191107,Henry St & Middagh St,40.7003,-73.991581
1154514,Henry St & Poplar St,40.700469,-73.991454
67434843,Henry St & Remsen St,40.69400964865994,-73.99465128779411
54634731,Henry St & W 9 St,40.6763744,-74.00324957
20546829,Hicks St & Montague St,40.69512845,-73.99595065
58552467,Hilltop,40.7311689,-74.0575736
61873219,Hoboken Ave at Monmouth St,40.73520838045357,-74.04696375131607
69082480,Hoboken Terminal - Hudson St & Hudson Pl,40.73593758446329,-74.03030455112457
58536721,Hoboken Terminal - River St & Hudson Pl,40.7360676564825,-74.02912706136703
55760991,Hoe Ave & Jennings St,40.832171,-73.889686
67157969,Home St & Westchester Ave,40.827629,-73.886659
63251850,Hope St & Union Ave,40.71167351,-73.95141312
60033083,Howard St & Centre St,40.71910537,-73.99973337
63034632,Howard St & Lafayette St,40.71910537,-73.99973337
48024881,Hoyt St & Warren St,40.684354,-73.989016
65022905,Hudson St & 4 St,40.74097260864355,-74.02860336005688
32527304,Hudson St & Reade St,40.71625008,-74.0091059
67579249,Hudson St & W 13 St,40.74005708567285,-74.0052741765976
6289722,Humboldt St & Varet St,40.7031724,-73.940636
63914996,Hunts Point Ave & Bryant Ave,40.813991,-73.8855
13448913,Huron St & Franklin St,40.73266,-73.95826
52017748,Icahn Stadium,40.79346,-73.92389
35826469,India St & Manhattan Ave,40.73232194,-73.9550858
13914340,India St & West St,40.73181401720966,-73.95995020866394
58971340,India St Pier,40.731734785883454,-73.9612390102593
36140302,Intervale Ave & Kelly St,40.827301,-73.896372
42710280,Intervale Ave & Westchester Ave,40.821967,-73.896752
35896317,Inwood Ave & W 170 St,40.840536,-73.919228
49119867,Irving Ave & DeKalb Ave,40.7027,-73.92095
28405621,Irving Ave & Halsey St,40.69467,-73.90663
40128477,Irving Ave & Harman St,40.70108,-73.9179
34181178,Irving Ave & Jefferson St,40.70538,-73.92535
37533275,Irving Ave & Palmetto St,40.698,-73.9127
55720786,Isham St & Broadway,40.86788,-73.919685
11442051,JC Medical Center,40.71653978099194,-74.0496379137039
3297591,JCBS Depot,40.70965083364061,-74.06860113143921
54344672,Jackson Ave & 46 Rd,40.74524768,-73.94733276
3300828,Jackson Square,40.71113,-74.0789
11983603,Jackson St & Leonard St,40.71638031973561,-73.94821286201477
41814659,Jay St & Tech Pl,40.695065,-73.987167
33973369,Jay St & York St,40.70140317257725,-73.98672670125961
35083210,Jefferson Ave & Evergreen Ave,40.68989,-73.91458
25101715,Jefferson St & Cypress Ave,40.70907,-73.92157
67975150,Jerome Ave & Anderson Ave,40.830179,-73.928747
57702640,Jerome Ave & Bedford Park Blvd E,40.87307,-73.88971
63183367,Jerome Ave & E 164 St,40.831444,-73.926226
56857117,Jerome Ave & E 181 St,40.855653,-73.905528
52398487,Jerome Ave & E 198 St,40.87144520687118,-73.89289632439613
54231896,Jerome Ave & E Mosholu Parkway S,40.87935,-73.88534
50131540,Jerome Ave & Ogden Ave,40.829797,-73.931015
54472081,Jerome Ave & W 177 St,40.850121,-73.910765
66586240,Jerome Ave & W 184 St,40.860814,-73.902541
47592618,Jerome Ave & W 193 St,40.86659,-73.89794
52136356,Jerome Ave & W 195 St,40.86874,-73.89657
46775925,Jerome Ave & W Fordham Rd,40.86294,-73.90108
55333250,Jersey & 3rd,40.72333158646436,-74.04595255851744
13794592,Jersey & 6th St,40.72528910781132,-74.04557168483734
20890417,John St & William St,40.70862144,-74.00722156
42130723,Johnson St & Gold St,40.694748,-73.983624
13828317,Journal Square,40.73367,-74.0625
39700968,Kane St & Clinton St,40.6861758,-73.99645295
27958341,Kent Ave & N 7 St,40.72036775298455,-73.96165072917938
18767596,Kent Ave & S 11 St,40.707644944175705,-73.96841526031494
64121730,Kent St & McGuinness Blvd,40.73124,-73.95161
50941419,King St & Varick St,40.727897,-74.005362
59764404,Kingsland Ave & Nassau Ave,40.72577,-73.94173
35317756,Kingston Ave & Herkimer St,40.67890679,-73.94142771
27739221,Knickerbocker Ave & Cooper St,40.69081,-73.90448
31347116,Knickerbocker Ave & George St,40.704425,-73.92836
64796637,Knickerbocker Ave & Halsey St,40.693,-73.90824
44907747,Knickerbocker Ave & Hancock St,40.69385,-73.90974
58070454,Knickerbocker Ave & Thames St,40.70539,-73.92976
15139860,Kosciuszko St & Nostrand Ave,40.69072549,-73.95133465
44815730,Kosciuszko St & Tompkins Ave,40.691282,-73.945241
2965831,LaGuardia Pl & W 3 St,40.72917025,-73.99810231
25861820,LaGuardia Pl & W 3 St [temporarily removed],40.72917025,-73.99810231
60214617,Lafayette Ave & Classon Ave,40.68900443,-73.96023854
19366882,Lafayette Ave & Fort Greene Pl,40.68691865,-73.976682
67015627,Lafayette Ave & Ft Greene Pl,40.68700231292619,-73.97664964199066
62659588,Lafayette Ave & Hunts Point Ave,40.816567,-73.888161
46386784,Lafayette Ave & St James Pl,40.688515,-73.964762
24476830,Lafayette Park,40.71346382669195,-74.06285852193832
19099241,Lafayette St & E 8 St,40.73020660529954,-73.99102628231049
29727499,Lafayette St & Jersey St,40.72456089,-73.99565293
12109215,Lafayette St & Jersey St S,40.72430527250332,-73.99600982666016
59540767,Laight St & Hudson St,40.72185379,-74.00771779
1514956,Lawrence St & Willoughby St,40.69236178,-73.98631746
6036209,Lefferts Pl & Franklin Ave,40.680342423,-73.9557689392
22263862,Lenox Ave & W 111 St,40.7987859,-73.9523
51585623,Lenox Ave & W 115 St,40.801193,-73.950073
25727726,Lenox Ave & W 117 St,40.8025566,-73.9490782
66954430,Lenox Ave & W 126 St,40.808442,-73.9452087
30417816,Lenox Ave & W 130 St,40.8107922,-73.9430681
68373677,Lenox Ave & W 133 St,40.81296,-73.941878
67850469,Lenox Ave & W 140 St,40.817245,-73.938787
58354289,Lenox Ave & W 144 St,40.819783,-73.936521
54140262,Lenox Ave & W 146 St,40.821111,-73.935971
7044722,Leonard Gordon Park,40.74590996631558,-74.0572714805603
56248704,Leonard St & Boerum St,40.70583339,-73.94644578
4338289,Leonard St & Church St,40.717571,-74.005549
19376793,Leonard St & Maujer St,40.7103685423523,-73.94705951213837
2293133,Leonard St & Nassau Ave,40.7239567849954,-73.94984364509583
8332336,Lewis Ave & Decatur St,40.6814598,-73.934903
68530461,Lewis Ave & Kosciuszko St,40.69237074,-73.93705428
26608518,Lewis Ave & Madison St,40.686312,-73.935775
14865062,Lexington Ave & Classon Ave,40.68676793,-73.95928168
51033782,Lexington Ave & E 111 St,40.7954121,-73.9441232
31409349,Lexington Ave & E 120 St,40.8013066,-73.9398167
15092065,Lexington Ave & E 127 St,40.805726,-73.936322
33921072,Lexington Ave & E 128 St,40.806414,-73.936085
62805522,Lexington Ave & E 24 St,40.74025878,-73.98409214
24511131,Lexington Ave & E 26 St,40.741459,-73.983293
25414926,Lexington Ave & E 26 St [temporarily removed],40.741459,-73.983293
33947808,Lexington Ave & E 29 St,40.74311555376486,-73.98215353488922
25581691,Lexington Ave & E 29 St [temporarily removed],40.74311555376486,-73.98215353488922
33182173,Lexington Ave & E 36 St,40.7475739589548,-73.9788007736206
8370779,Lexington Ave & E 63 St,40.76440023,-73.96648977
3283106,Liberty Light Rail,40.7112423,-74.0557013
21911413,Liberty St & Broadway,40.70905623,-74.01043382
57532424,Liberty St & Nassau St,40.70858894240581,-74.00935482235809
40086433,Lincoln Ave & E 134 St,40.808484,-73.928803
59523768,Lincoln Ave & E 138 St,40.810893,-73.927311
22218626,Lincoln Park,40.7246050998869,-74.07840594649315
62282456,Lincoln Pl & Classon Ave,40.6721683,-73.9609
17730029,Linden St & Knickerbocker Ave,40.69714,-73.91566
36560011,Lispenard St & Broadway,40.71939226,-74.00247214
7479758,Little West St & 1 Pl,40.70569254,-74.01677685
44298065,Longfellow Ave & E 165 St,40.825322,-73.887729
49102010,Longwood Ave & Southern Blvd,40.816343,-73.896447
6703144,Lorimer St & Broadway,40.70411791,-73.94818595
64529689,Lorimer St & Calyer St,40.72795,-73.95414
56691615,Loring Pl North & W 183 St,40.8604244,-73.9093359997
67167073,Louis Nine Blvd & Intervale Ave,40.831998,-73.892686
21117809,MTL-AOS-5.1,40.7903,-73.9597
43844734,MTL-ECO51-1,40.79617,-73.951335
9891339,MacDougal St & Prince St,40.72710258,-74.00297088
9817243,MacDougal St & Washington Sq,40.73226398,-73.99852205
67956319,Macombs Pl & W 152 St,40.826406,-73.937948
59906753,Macombs Rd & Featherbed Ln,40.84552,-73.91722
49658908,Macombs Rd & W 175 St,40.848177,-73.916082
28429580,Macon St & Nostrand Ave,40.6809833854,-73.9500479759
45394172,Madison Av & E 51 St,40.75863,-73.97513
30130343,Madison Ave & E 120 St,40.80295,-73.942954
34668545,Madison Ave & E 26 St,40.742684734875695,-73.98671329021454
31621140,Madison Ave & E 82 St,40.7781314,-73.96069399
27211757,Madison Ave & E 99 St,40.78948541553215,-73.95242929458618
69084429,Madison St & 1 St,40.73879,-74.0393
65042367,Madison St & 10 St,40.74994325412246,-74.03586477041245
33920687,Madison St & Clinton St,40.71269042,-73.98776323
55642738,Madison St & Cypress Ave,40.70068,-73.90742
36859157,Madison St & Evergreen Ave,40.69122,-73.91693
26709036,Madison St & Forest Ave,40.70555,-73.90245
24317441,Madison St & Montgomery St,40.713126,-73.984844
28460908,Madison St & Seneca Ave,40.70183,-73.90625
26008004,Madison St & Woodward Ave,40.70408,-73.90408
11030452,Maiden Ln & Pearl St,40.70706456,-74.00731853
69066548,Mama Johnson Field - 4 St & Jackson St,40.74313993965626,-74.04004096984863
35366868,Manhattan Av & Leonard St,40.72084,-73.94844
58505164,Manila & 1st,40.72165072487999,-74.04288411140442
698361,Marcus Garvey Blvd & Macon St,40.682601,-73.938037
25633955,Marcus Garvey Blvd & Macon St    [temporarily removed],40.682601,-73.938037
33750362,Marcy Ave & Lafayette Ave,40.6900815,-73.947915
48202076,Margaret Corbin Plz & Ft Washington Ave,40.859166,-73.933872
46197695,Marin Light Rail,40.714584,-74.042817
61599888,Marion Ave & Mosholu Pkwy,40.8704956,-73.8818756582
34464200,Market St & Cherry St,40.71076228,-73.99400398
54638627,Market St & Henry St,40.71310702305908,-73.99446353316307
67269512,Marshall St & 2 St,40.740802,-74.042521
42872028,McDonald Ave & Vanderbilt St,40.651654,-73.981231
41904680,McGinley Square,40.7253399253558,-74.06762212514877
68298962,McGuinness Blvd & Eagle St,40.73555,-73.95284
27906635,McKibbin St & Bogart St,40.706237,-73.933871
9140479,McKibbin St & Manhattan Ave,40.70510918,-73.94407279
38636317,Melrose Ave & E 150 St,40.816827,-73.917338
54505294,Melrose Ave & E 154 St,40.819609,-73.916071
33273569,Melrose St & Broadway,40.697481,-73.935877
64005152,Menahan St & Central Ave,40.69543,-73.9196
62343180,Menahan St & Onderdonk Ave,40.70553,-73.9096
29549084,Menahan St & Seneca Ave,40.70461,-73.91054
62215499,Menahan St & Wyckoff Ave,40.70113,-73.91422
40770255,Mercer St & Bleecker St,40.72706363348306,-73.99662137031554
9762858,Mercer St & Spring St,40.72362738,-73.99949601
8700582,Meserole Ave & Manhattan Ave,40.72708584,-73.95299117
21095508,Metropolitan Ave & Bedford Ave,40.71534825,-73.96024116
49164391,Metropolitan Ave & Meeker Ave,40.714133,-73.952343
52958785,Metropolitan Ave & Stewart Ave,40.71401,-73.92793
31476138,Metropolitan Ave & Vandervoort Ave,40.71429,-73.93323
21208147,Milton St & Franklin St,40.72906,-73.95779
66429018,Moffat St & Bushwick,40.68458,-73.90925
52155257,Monmouth and 6th,40.725685,-74.04879
53165764,Monroe St & Bedford Ave,40.6851443,-73.95380904
26076062,Monroe St & Classon Ave,40.6845683,-73.95881081
9057886,Monroe St & Tompkins Ave,40.686203,-73.944694
55133193,Montague St & Clinton St,40.6942715,-73.9923272
7030627,Montgomery St,40.71942,-74.05099
26317236,Montgomery St & Franklin Ave,40.666439306870814,-73.9605563879013
58582918,Montrose Ave & Bushwick Ave,40.70767788,-73.94016171
46202753,Morgan Ave & Lombardy St,40.72226,-73.93889
47699119,Morgan Ave & Maspeth Ave,40.716657,-73.93637
62454282,Morgan Bike Mechanics,40.70962789682351,-73.93145710229872
64468263,Morgan WH station,40.70327577818653,-73.93183530424722
32426132,Morningside Ave & W 123 St,40.81,-73.9551508
66459110,Morningside Dr & Amsterdam Ave,40.81028506306003,-73.95736455917358
28168630,Morris Ave & E 142 St,40.814469,-73.924963
28547301,Morris Ave & E 153 St,40.820036,-73.921411
53010349,Morris Ave & E 163 St,40.827230499624726,-73.91765579597632
47639888,Morris Ave & E 171 St,40.83899,-73.9109
51542478,Morris Ave & E 184 St,40.86008,-73.90079
51786492,Morris Ave & E Burnside Ave,40.85322,-73.90546
49252814,Morris Ave & McClellan St,40.831584,-73.9149
65055648,Morris Canal,40.7124188237569,-74.03852552175522
62224205,Morton St & Washington St,40.73115,-74.00887
60117833,Motorgate,40.7639089,-73.9477213
22543674,Mott St & Prince St,40.72317958,-73.99480012
51396764,Mount Eden Pkwy & Eastburn Ave,40.842675,-73.908544
668042,Mt Morris Park W & W 120 St,40.804038,-73.945925
39557805,Murray St & Greenwich St,40.71485150526252,-74.01122331619263
30691042,Murray St & West St,40.7149787,-74.013012
58161501,Myrtle Ave & Fleet Pl,40.693534,-73.981909
22095710,Myrtle Ave & Grove St,40.69905,-73.91516
68651448,Myrtle Ave & Lewis Ave,40.69681963,-73.93756926
38565787,Myrtle Ave & Linden St,40.69943,-73.91337
61744136,Myrtle Ave & Marcy Ave,40.69539817,-73.94954908
7362405,Myrtle Ave & St Edwards St,40.69327018,-73.97703874
64236665,N 11 St & Kent Ave,40.72248188638219,-73.95921930670738
5786239,N 12 St & Bedford Ave,40.72079821,-73.95484712
48657820,N 15 St & Wythe Ave,40.724055,-73.955736
34276670,N 6 St & Bedford Ave,40.71745169,-73.95850939
13609957,NYCBS DEPOT - DELANCEY,40.71644423134479,-73.9823305606842
1818270,NYCBS Depot - GOW,40.66906013501107,-73.99463653564453
53345530,Nagle Ave & Ellwood St,40.86012,-73.928489
57482156,Nagle Ave & Thayer St,40.861382,-73.925591
67822504,Nassau Ave & Newell St,40.724812564400175,-73.94752621650696
831897,Nassau Ave & Russell St,40.72557,-73.94434
50883498,Nassau St	& Duffield St,40.698477,-73.98384
21081161,Nassau St & Navy St,40.69839895,-73.98068914
55216680,Nassau St\t& Duffield St,40.698477,-73.98384
54905941,Nelson Ave & 167 St,40.83670566862804,-73.92608866095543
45136267,Nelson Ave & W 172 St,40.843965,-73.920999
65223582,Nevins St & Schermerhorn St,40.68737247650719,-73.98176059126854
39697926,Newark Ave,40.72152515,-74.046304543
30711370,Newport PATH,40.7272235,-74.0337589
11415116,Newport Pkwy,40.7287448,-74.0321082
59645351,Newton Rd & 44 St,40.7595701,-73.9142678
59574071,Newtown Ave & 23 St,40.7713615,-73.9246145
18227732,Norfolk St & Broome St,40.7172274,-73.98802084
44475168,Norman St & Wyckoff Ave,40.69517,-73.90311
68729769,North Moore St & Greenwich St,40.72019521437465,-74.0103006362915
60014044,Nostrand Ave & Myrtle Ave,40.69527008,-73.95238108
29102537,OLD Southern Blvd & E 142 St,40.807258,-73.907999
33117300,Oakland Ave,40.7376037,-74.0524783
60254070,Ocean Pkwy & Church Ave,40.64471895763575,-73.97451460361481
63994734,Ogden Ave & Merriam Ave,40.839142,-73.925961
49744593,Ogden Ave & W 164 St,40.832812,-73.929372
40490316,Ogden Ave & W 165 St,40.834457,-73.928381
63558027,Old Broadway & W 133 St,40.818212,-73.955277
24204175,Old Fulton St,40.70277159,-73.99383605
5814153,Old Slip & Front St,40.7037992,-74.00838676
64622533,Old Slip & South St,40.70336686695866,-74.007867872715
49239634,Onderdonk Ave & Dekalb Ave,40.70863,-73.91497
57014951,Onderdonk Ave & Gates Ave,40.70413,-73.90737
64838127,Pacific St & Classon Ave,40.6791944,-73.9587903
65105823,Pacific St & Nevins St,40.6853761,-73.98302136
50911023,Parade Pl & Crooke Ave,40.651847,-73.965248
54537023,Park Ave & E 124 St,40.8045555,-73.9396861
50885133,Park Ave & E 162 St,40.825716,-73.915585
13864366,Park Ave & Marcus Garvey Blvd,40.698617,-73.941342
40138545,Park Ave & St Edwards St,40.69608941,-73.97803415
52784066,Park Cir & East Dr,40.651566,-73.972212
8114259,Park Pl & Church St,40.71334184275907,-74.00935515761375
3577195,Park Pl & Franklin Ave,40.6741806,-73.9564947
20462356,Park Pl & Vanderbilt Ave,40.6767,-73.969024
53438787,Paul Ave & Mosholu Pkwy,40.8802945,-73.8860653648
67468521,Paul Ave & W 205 St,40.87704,-73.88943
48929055,Paulus Hook,40.714145,-74.033551
3617284,Pearl St & Anchorage Pl,40.70281858,-73.98765762
23767675,Pearl St & Hanover Square,40.7047177,-74.00926027
27369886,Pearl St & Peck Slip,40.708485,-74.002751
14668160,Peck Slip & Front St,40.707873,-74.00167
61957123,Perry St & Bleecker St,40.73535398,-74.00483091
20541384,Perry St & Greenwich Ave,40.735918,-74.000939
35649757,Pershing Field,40.742677141,-74.051788633
16500386,Pershing Square North,40.751873,-73.977706
55935851,Pershing Square South,40.751581,-73.97791
13676122,Picnic Point,40.68512559515415,-74.02535319328308
402297,Pier 40 - Hudson River Park,40.7277140777778,-74.01129573583603
42281558,Pier 40 Dock Station,40.72866,-74.01198
42015570,Pier 40 X2,40.728487,-74.011693
4628940,Pierrepont St & Monroe Pl,40.69535693320225,-73.99344027042389
44072879,Pike St & E Broadway,40.714067,-73.992939
45801035,Pike St & Monroe St,40.711731,-73.99193
63032321,Pinehurst Ave & W 187 St,40.855331,-73.937878
7290316,Pioneer St & Richards St,40.6777748,-74.0094613
48386201,Pioneer St & Van Brunt St,40.679043,-74.011169
45887845,Pitt St & Stanton St,40.71926,-73.98178
58950881,Plaza Dr & W 170 St,40.840484,-73.917946
52555348,Plaza St East & Flatbush Ave,40.673134,-73.969106
48526586,Plaza St West & Flatbush Ave,40.67502,-73.971114
45944181,Pleasant Ave & E 116 St,40.794988,-73.933335
58767294,Pleasant Ave & E 120 St,40.7974772,-73.9311847
46752983,Popham Ave & W 174 St,40.847746,-73.922079
24556092,Powers St & Olive St,40.71323,-73.93894
46483633,President St & 4 Ave,40.676757,-73.983262
3248387,President St & Henry St,40.6828003,-73.99990419
28438768,Propsect Ave & E 151 St,40.814232,-73.903927
29211871,Prospect Ave & E 151 St,40.814232,-73.903927
44709438,Prospect Ave & E 167 St,40.826303,-73.898751
66380379,Prospect Ave & Greenwood Ave,40.651745,-73.975988
56724127,Prospect Ave & Jennings St,40.831762,-73.896853
49374139,Prospect Ave & Longwood Ave,40.81899,-73.90202
42585207,Prospect Ave & Vanderbilt St,40.653368,-73.976291
49716866,Prospect Park SW & 10 Ave,40.659945,-73.977504
54569427,Prospect Park SW & 16 St,40.657265,-73.974165
45109333,Prospect Park SW & Greenwood Ave,40.652563,-73.972573
46422560,Prospect Park SW & Vanderbilt St,40.65482,-73.973217
53176930,Prospect Park W & 20 St,40.656633,-73.983864
35733786,Prospect Park West & 8 St,40.66514681533792,-73.97637605667114
65276124,Prospect Pl & 6 Ave,40.6793307,-73.97519523
64067179,Prospect Pl & Underhill Ave,40.6769694,-73.96579
68971215,Prospect Pl & Vanderbilt Ave,40.67767534269111,-73.96902143955231
44702567,Prototype Lab,40.732852935791016,-74.01055908203125
8605777,Pulaski St & Marcus Garvey Blvd,40.6933982,-73.939877
44312309,Putnam Ave & Knickerbocker Ave,40.69545,-73.91164
57572035,Putnam Ave & Nostrand Ave,40.68402,-73.94977
65568289,Putnam Ave & Throop Ave,40.6851532,-73.94111
20050218,Putnam Ave & Wyckoff Ave,40.69811,-73.90904
59913301,Queens Plaza North & Crescent St,40.75110165,-73.94073717
23797300,Railroad Ave & Kay Ave,40.70531194,-73.97100056
15720425,Reade St & Broadway,40.71450451,-74.00562789
4774474,Richards St & Delavan St,40.6794327,-74.00785041
19083251,Richardson St & N Henry St,40.71907891179564,-73.94223690032959
43656592,River Ave & E 151 St,40.822217,-73.928939
54125401,River Ave & E 153 St,40.82441,-73.92818
56690148,River Ave & McClellan St,40.83406,-73.92243
25606087,Riverside Blvd & W 67 St,40.777507027547976,-73.98888587951659
68625069,Riverside Dr & Broadway,40.865364,-73.92791
37579852,Riverside Dr & W 104 St,40.8013434,-73.9711457439
52404592,Riverside Dr & W 138 St,40.823168,-73.955857
62543436,Riverside Dr & W 145 St,40.827305,-73.951989
37061598,Riverside Dr & W 148 St,40.829114,-73.950426
50783369,Riverside Dr & W 153 St,40.832164,-73.949702
8286164,Riverside Dr & W 72 St,40.78057799010334,-73.98562431335449
58994610,Riverside Dr & W 78 St,40.78414472,-73.98362492
27054893,Riverside Dr & W 82 St,40.78720869,-73.98128127
67752965,Riverside Dr & W 91 St,40.79313480986663,-73.97700369358063
35646241,Riverview Park,40.7443187,-74.0439909
51182531,Rivington St & Chrystie St,40.721101,-73.991925
35201393,Rivington St & Ridge St,40.71850211,-73.98329859
58349569,Rockaway Ave & Bainbridge St,40.68319988172761,-73.91166642308235
29879446,Roebling St & N 4 St,40.71469,-73.95739
55562483,Rogers Ave & Sterling St,40.6630619,-73.9538746
52922640,Rogers Pl & E 165 St,40.823926,-73.897366
53575642,Rogers Pl & E 165 St_old,40.823926,-73.897366
44144212,Roosevelt Island Tramway,40.757284,-73.9536
65322821,Ryer Ave & E 182 St,40.8558,-73.89956
37111551,S 3 St & Bedford Ave,40.71260486,-73.96264403
14946825,S 4 St & Rodney St,40.70934,-73.95608
32218407,S 4 St & Wythe Ave,40.71285887,-73.96590294
1237827,S 5 Pl & S 5 St,40.710451,-73.960876
63865785,S 5th St & Kent Ave (Domino Park Movie Shoot),40.712896,-73.968224
20237,S Portland Ave & Atlantic Ave,40.68322254161595,-73.9738118648529
8842341,S Portland Ave & Hanson Pl,40.68539567,-73.97431458
57759839,Sands St & Jay St,40.700119,-73.9862
36576881,Sands St Gate,40.699569,-73.979827
28523855,Schermerhorn St & Bond St,40.688417427540834,-73.98451656103134
21627837,Schermerhorn St & Court St,40.69102925677968,-73.99183362722397
27348093,Scholes St & Manhattan Ave,40.70870368,-73.9448625
46056530,Seaman Ave & Beak St,40.867505,-73.926363
65201100,Seaman Ave & Isham St,40.86989866194045,-73.92076313495636
55159231,Sedgwick Ave & Hall of Fame Tce,40.859532,-73.913303
55157766,Sedgwick Ave & W Burnside Ave,40.854947,-73.916661
58381072,Sedgwick Ave & W Tremont Ave,40.853157,-73.918214
43797436,Seneca Ave & Irvine St,40.818725,-73.888624
57643648,Shakespeare Ave & W 169 St,40.839312,-73.922423
29295175,Sharon St & Olive St,40.715353,-73.93856
39799392,Sheridan Ave & E 168 St,40.835334,-73.9154
53093621,Sheridan Ave & E 172 St,40.840494,-73.911479
44438058,Sherman Ave & E 166 St,40.831305,-73.917447
44189495,Sherman Ave & Thayer St,40.863124,-73.926994
45692116,Shore Blvd & Astoria Park,40.77977,-73.923162
42202732,Sigourney St & Columbia St,40.672672,-74.008795
5077521,Sip Ave,40.73089709786179,-74.06391263008118
40827713,Smith St & 3 St,40.6787242,-73.99599099
35978738,Smith St & 9 St,40.6746957,-73.99785768
48230175,Soissons Landing,40.692316,-74.014865
26371823,Somers St & Broadway,40.67945,-73.90474
18373944,South End Ave & Liberty St,40.711512,-74.015756
7117240,South St & Gouverneur Ln,40.70355377,-74.00670227
34747479,South St & Whitehall St,40.70122128,-74.01234218
65003948,South Waterfront Walkway - Sinatra Dr & 1 St,40.73698221818716,-74.02778059244156
57770574,Southern Blvd & Avenue St. John,40.812769,-73.901583
49347605,Southern Blvd & E 142 St,40.807347,-73.908097
52405463,Southern Blvd & E 149 St,40.811892,-73.904192
36913476,Southern Blvd & E 172 St,40.834124,-73.88955
60607733,Southern Blvd & E 174 St,40.836733,-73.887931
38923110,Southern Blvd & E 175 St,40.839335,-73.886445
48261636,Southern Blvd & Tiffany St,40.818185,-73.894143
62676470,Southpoint Park,40.75370225419114,-73.95865201950072
52200007,Southwest Park - Jackson St & Observer Hwy,40.737551,-74.041663
58268279,Spring St & Hudson St,40.72583996792375,-74.0076532959938
64818892,Spruce St & Gold St,40.7103231,-74.0043228
27648584,Spruce St & Nassau St,40.71146364,-74.00552427
31707226,St Ann's Ave & Westchester Ave,40.815887,-73.911918
21676841,St James Pl & Oliver St,40.71307916,-73.99851193
27354418,St James Pl & Pearl St,40.71117416,-74.00016545
20760776,St Johns Pl & Washington Ave,40.6737236,-73.9631611
58287399,St Marks Pl & 1 Ave,40.72779126,-73.98564945
51596720,St Marks Pl & 2 Ave,40.7284186,-73.98713956
55645015,St Marks Pl & 4 Ave,40.68177810928762,-73.97988975048065
27512848,St Mary's St & Jackson Ave,40.808891,-73.91081
41685094,St Nicholas Ave & E 134 St,40.816234,-73.948222
27527486,St Nicholas Ave & Manhattan Ave,40.809725,-73.953149
45401966,St Nicholas Ave & W 134 St,40.816234,-73.948222
30431346,St Nicholas Ave & W 137 St,40.818477,-73.947568
65631515,St Nicholas Ave & W 150 St,40.827212,-73.942722
43334099,St. Ann's Av & Bruckner Blvd,40.803399,-73.919763
33467043,St. Ann's Ave & E 144 St,40.811112,-73.914932
42587292,St. Nicholas Ave & W 126 St,40.811432,-73.951877
42545992,St. Nicholas Ave & W 155 St,40.830663,-73.941323
47826785,St. Nicholas Ave & W 157 St,40.832314,-73.94102
38083536,St. Nicholas Terrace & Convent Ave,40.821294,-73.947868
39348777,Stagg St & Morgan Ave,40.710681,-73.93372
60120725,Stagg St & Union Ave,40.70877084,-73.95095259
39243676,Stanhope St & Fairview Ave,40.70998,-73.91116
65751474,Stanton St & Chrystie St,40.72229346,-73.99147535
53315665,Stanton St & Mangin St,40.71782143,-73.97628939
64834934,Stanton St & Norfolk St,40.720747,-73.986274
1754162,State St & Smith St,40.68926942,-73.98912867
68097847,Station demo,40.604017,-74.019709
42651000,Steinway St & 19 Ave,40.778089,-73.899558
54440527,Steinway St & 21 Ave,40.774798,-73.903787
24109830,Steinway St & 23 Ave,40.7713937,-73.9077436
37172410,Steinway St & 28 Ave,40.7656251,-73.9136695
59309477,Steinway St & Broadway,40.75905795418586,-73.91897544264793
61976776,Steinway St & Ditmars Blvd,40.772717,-73.906127
47244756,Stephen St & Seneca Ave,40.6988,-73.9007
68884686,Sterling Pl & 5 Ave,40.678970070475735,-73.97855266928671
554149,Sterling Pl & 7 Ave,40.67716489469059,-73.973827958107
49165949,Sterling Pl & Bedford Ave,40.672695,-73.954131
57435504,Sterling St & Bedford Ave,40.6627059,-73.9569115
55371200,Stevens - River Ter & 6 St,40.74313282710551,-74.02698867022991
44373342,Stewart Ave & Johnson Ave,40.70869,-73.92587
38012095,Stockholm St & Wilson Ave,40.699304,-73.923044
33291060,Stuyvesant Walk & 1 Av Loop,40.732339777151054,-73.97898383438587
43529621,Suffolk St & Stanton St,40.720664,-73.985179
27567413,Sullivan Pl & Bedford Ave,40.6642406,-73.9574686
43930518,Sullivan Pl & Franklin Ave,40.664079,-73.960251
3382016,Sullivan St & Washington Sq,40.73047747,-73.99906065
48548476,Sunken Meadow Comfort Station,40.79558,-73.91906
46798523,Suydam St & Broadway,40.69544,-73.93223
10402645,Suydam St & Knickerbocker Ave,40.702013,-73.923769
30216971,Suydam St & St. Nicholas Ave,40.70636,-73.91945
58383013,Thompson St & Bleecker St,40.72840059450829,-73.99968780577183
25414933,Throop Ave & Myrtle Ave,40.69622937,-73.94371094
67581623,Tiebout Ave & E 184 St,40.858498,-73.89637
54541738,Tiebout Ave & E Fordham Road,40.861915,-73.894831
45108311,Tinton Ave & E 165 St,40.824796,-73.90242
56501381,Tompkins Ave & Hopkins St,40.69957608,-73.94708417
55823895,Townsend Ave & E 175 St,40.84741,-73.911359
11983530,Underhill Ave & Lincoln Pl,40.6740123,-73.9671457
6330045,Underhill Ave & Pacific St,40.6804836,-73.9646795
56213071,Union Ave & E 169 St,40.82995,-73.898802
22193478,Union Ave & Jackson St,40.7160751,-73.952029
31300118,Union Ave & N 12 St,40.71924,-73.95242
17568486,Union Ave & Wallabout St,40.70029511,-73.95032283
52190454,Union St,40.7182113,-74.0836394
25085370,Union St & 4 Ave,40.6772744,-73.98282002
3274574,Union St & Bedford Ave,40.6691783,-73.9554162
8482852,Union St & Nevins St,40.67909799721684,-73.98765474557877
59467527,University Ave & Brandt Pl,40.848354,-73.918389
60396862,University Ave & Macombs Rd,40.8496401,-73.9161206
56986902,University Ave & W 168 St,40.838706,-73.927034
63631871,University Ave & W Burnside Ave,40.85501,-73.910751
16773351,University Pl & E 14 St,40.734814,-73.992085
37838862,University Pl & E 8 St,40.73143724085228,-73.99490341544151
50386960,Valentine Ave & E 183 St,40.856987,-73.898237
13310881,Van Brunt St & Van Dyke St,40.6758329439129,-74.01472628116608
43756049,Van Brunt St & Wolcott St,40.677342,-74.01275
41976975,Van Buren St & Broadway,40.692,-73.92617
46395675,Van Sinderen Ave & Truxton St,40.6786,-73.90369
61868434,Van Vorst Park,40.71848892,-74.047726625
24892908,Vernon Blvd & 10 St,40.7671863,-73.9373554
60122428,Vernon Blvd & 30 Rd,40.770845,-73.934171
14997238,Vernon Blvd & 31 Ave,40.7692475,-73.9354504
25788012,Vernon Blvd & 41 Rd,40.7552433,-73.9485678
63155597,Vernon Blvd & 47 Rd,40.7449067,-73.9534573
21465661,Vernon Blvd & 50 Ave,40.74232744,-73.95411749
20729192,Verona Pl & Fulton St,40.6803560840434,-73.9476791024208
38445671,Vesey Pl & River Terrace,40.7153379,-74.01658354
60090796,Vesey St & Church St,40.71221958009051,-74.01047229766846
41075920,W 10 St & Washington St,40.73342399437081,-74.00851495563984
13206635,W 100 St & Broadway,40.7973721,-73.97041192
42584070,W 100 St & Manhattan Ave,40.795,-73.9645
30492540,W 104 St & Amsterdam Ave,40.79904139288298,-73.96649479866028
58992378,W 106 St & Amsterdam Ave,40.8008363,-73.9664492472
40877494,W 106 St & Central Park West,40.7981856,-73.9605909006
67051281,W 107 St & Columbus Ave,40.7997568,-73.9621128676
48183089,W 11 St & 6 Ave,40.735324,-73.998004
43141164,W 110 St & Amsterdam Ave,40.802692,-73.96295
8918530,W 113 St & Broadway,40.805973,-73.964928
36686898,W 116 St & Amsterdam Ave,40.8067581,-73.9607082
55862946,W 116 St & Broadway,40.8082,-73.9641
1457713,W 12 St & W 4 St,40.73756121181137,-74.00398269295692
9649460,W 120 St & Claremont Ave,40.8109494,-73.9634
19413253,W 129 St & Convent Ave,40.814394437915816,-73.95324736833572
16369349,W 13 St & 5 Ave,40.735445,-73.99431
52675553,W 13 St & 7 Ave,40.73781509,-73.99994661
60206954,W 133 St & 12 Ave,40.820003,-73.959089
56026347,W 135 St & Lenox Terrace Pl,40.813619,-73.939336
65726083,W 140 St & Riverside Dr,40.824013,-73.954743
28768782,W 144 St & Adam Clayton Powell Blvd,40.820877,-73.939249
66155009,W 145 St & Amsterdam Ave,40.825244,-73.947257
42822753,W 146 St & Broadway,40.826969,-73.949738
44583124,W 147 St & Adam Clayton Powell Blvd,40.82281,-73.937413
67951371,W 148 St & Amsterdam Ave,40.827075,-73.945909
49085784,W 15 St & 10 Ave,40.74275382865903,-74.00747358798981
30439382,W 15 St & 6 Ave,40.738046142482766,-73.99642959237099
22248083,W 15 St & 7 Ave,40.73935542,-73.99931783
37612374,W 155 St & Frederick Douglass Blvd,40.82923,-73.936996
56321165,W 159 St & Edgecombe Ave,40.833303,-73.939326
4576248,W 16 St & 8 Ave,40.74102150900266,-74.001384973526
57690504,W 16 St & The High Line,40.74334935,-74.00681753
61985607,W 160 St & St. Nicholas Ave,40.834468,-73.939865
51180835,W 163 St & Edgecombe Ave,40.835798,-73.937496
55448731,W 163 St & Riverside Dr,40.839278,-73.945446
33001401,W 165 St & Fort Washington Ave,40.84004,-73.942939
41598914,W 167 St & St. Nicholas Ave,40.840124,-73.93949
63408898,W 168th S & Fort Washington Ave,40.84210236102173,-73.9422395825386
25072377,W 169 St & Fort Washington Ave,40.8428422,-73.9421253
12089859,W 17 St & 8 Ave,40.74177603,-74.00149746
1799118,W 17 St & 9 Ave,40.74294891660091,-74.00413691997528
52990779,W 170 St & University Ave,40.84207,-73.926075
47149200,W 171 St & St. Nicholas Ave,40.842941,-73.938631
67731034,W 176 St & Montgomery Ave,40.849629,-73.919205
58306540,W 18 St & 6 Ave,40.73971301,-73.99456405
20775059,W 18 St & 9 Ave,40.7435337324616,-74.00367558002472
54558965,W 180 St & Ft Washington Ave,40.849972,-73.938423
42988275,W 181 St & Riverside Dr,40.85168,-73.94186
46491535,W 186 St & St. Nicholas Ave,40.852253,-73.931308
47007865,W 190 St & Broadway,40.856487,-73.932969
67103916,W 190 St & St. Nicholas Ave,40.854788,-73.929513
58573906,W 192 St & University Ave,40.866899,-73.901942
55015006,W 20 St & 10 Ave,40.745686,-74.005141
30284860,W 20 St & 11 Ave,40.746745,-74.007756
63855166,W 20 St & 7 Ave,40.74238787,-73.99726235
6194345,W 20 St & 8 Ave,40.74345335,-74.00004031
63590812,W 204 St & Nagle Ave,40.863211,-73.920827
47623961,W 204 St & Vermilyea Ave,40.866141,-73.922648
63822008,W 21 St & 6 Ave,40.74173969,-73.99415556
61701902,W 212 St & 10 Ave,40.8676583895191,-73.91675725579262
55525156,W 218 St & Broadway,40.87139,-73.914318
52107106,W 218 St & Indian Rd,40.873054,-73.918371
6275450,W 22 St & 10 Ave,40.74691959,-74.00451887
17940515,W 22 St & 8 Ave,40.74475148,-73.99915362
63981558,W 225 St & Exterior St,40.873265,-73.906646
13966991,W 24 St & 7 Ave,40.74487634,-73.99529885
63901940,W 25 St & 6 Ave,40.74395411,-73.99144871
23194410,W 26 St & 10 Ave,40.749717753,-74.002950346
20167271,W 26 St & 8 Ave,40.74734825,-73.99723551
1219687,W 27 St & 10 Ave,40.75018156325683,-74.00218427181244
50816929,W 27 St & 7 Ave,40.746647,-73.993915
50841375,W 29 St & 9 Ave,40.7500727,-73.99839279
24344661,W 30 St & 10 Ave,40.752694,-74.002353
27251183,W 31 St & 7 Ave,40.749156,-73.9916
25464273,W 31 St & 7 Ave [temporarily removed],40.749156,-73.9916
4796478,W 33 St & 7 Ave,40.75019995,-73.99093085
2277138,W 34 St & 11 Ave,40.75594159,-74.0021163
41992151,W 35 St & 9 Ave,40.754145,-73.996089
50641390,W 35 St & Dyer Ave,40.754691,-73.997401
44655049,W 36 St & 7 Ave,40.752149,-73.989539
57177522,W 36 St & 9 Ave,40.75462324029105,-73.99516761302948
46593533,W 37 St & 10 Ave,40.756603,-73.9979
44308906,W 37 St & 5 Ave,40.75038,-73.983389
4264862,W 38 St & 8 Ave,40.75466591,-73.99138152
14624118,W 39 St & 9 Ave,40.75645824,-73.99372222
22531776,W 4 St & 7 Ave S,40.73401143,-74.00293877
39740110,W 40 St & 5 Ave,40.752269,-73.982079
27738659,W 41 St & 8 Ave,40.75640548,-73.9900262
66467849,W 42 St & 6 Ave,40.75492,-73.98455
42997812,W 42 St & 8 Ave,40.757569,-73.990985
5754212,W 42 St & Dyer Ave,40.75898481399634,-73.99379968643188
52678174,W 43 St & 10 Ave,40.76009437,-73.99461843
2847273,W 43 St & 6 Ave,40.75527307,-73.98316936
57663639,W 44 St & 11 Ave,40.762009,-73.996975
44476060,W 44 St & 5 Ave,40.755002,-73.980144
26474215,W 45 St & 6 Ave,40.7568001,-73.98291153
3451963,W 45 St & 6 Ave -,40.75668720603179,-73.98257732391357
6894322,W 45 St & 8 Ave,40.75929124,-73.98859651
9149811,W 46 St & 11 Ave,40.76341379,-73.99667444
45200400,W 47 St & 10 Ave,40.762698,-73.993012
42974272,W 47 St & 6 Ave,40.758397,-73.98255
68275514,W 48 St &  Rockefeller Plaza,40.75776935448309,-73.97929430007935
52493948,W 48 St & Rockefeller Plaza,40.75793646243674,-73.97960275411606
37086925,W 49 St & 8 Ave,40.76227205,-73.98788205
67649668,W 50 St & 10 Ave,40.76473420006519,-73.99194359779358
12336285,W 50 St & 9 Ave,40.76360467795863,-73.98917958140373
62246677,W 51 St & 6 Ave,40.7606597,-73.98042047
61452558,W 51 St & Rockefeller Plaza,40.75969995906254,-73.97808194160461
8345775,W 52 St & 11 Ave,40.76727216,-73.99392888
17319110,W 52 St & 5 Ave,40.75992262,-73.97648516
27052732,W 52 St & 6 Ave,40.76132983124814,-73.97982001304626
46709116,W 53 St & 10 Ave,40.766696,-73.990617
40274980,W 54 St & 11 Ave,40.768333,-73.992573
58997237,W 54 St & 9 Ave,40.76584941,-73.98690506
44794526,W 55 St & 6 Ave,40.763189,-73.978434
35876993,W 56 St & 10 Ave,40.768254,-73.988639
53275585,W 59 St & 10 Ave,40.770513,-73.988038
28248503,W 59 St & West End Ave,40.771771,-73.990625
21931118,W 63 St & Broadway,40.77163851,-73.98261428
43065337,W 64 St & Thelonious Monk Circle,40.775159,-73.989186
30996945,W 67 St & Broadway,40.77492513,-73.98266566
3829817,W 70 St & Amsterdam Ave,40.77748046,-73.98288594
39971438,W 74 St & Columbus Ave,40.7785669,-73.97754961
27756734,W 76 St & Columbus Ave,40.7801839724239,-73.97728532552719
38578084,W 78 St & Amsterdam Ave,40.782535857724106,-73.97908508777618
8101218,W 78 St & Broadway,40.78339981,-73.98093133
6001764,W 82 St & Central Park West,40.78275,-73.97137
54773772,W 84 St & Broadway,40.7867947,-73.977112
2269594,W 84 St & Columbus Ave,40.78499979,-73.97283406
22560199,W 87 St & Amsterdam Ave,40.78839,-73.9747
68569887,W 87 St & West End Ave,40.789622,-73.97757
10087277,W 88 St & West End Ave,40.79025417330419,-73.97718340158461
35179482,W 89 St & Columbus Ave,40.7882213,-73.97041561
29936515,W 90 St & Amsterdam Ave,40.79017948095081,-73.97288918495178
47141022,W 92 St & Broadway,40.7921,-73.9739
2842060,W 95 St & Broadway,40.7937704,-73.971888
18574849,W Broadway & Spring St,40.72494672359416,-74.00165855884552
25282114,W Broadway & Spring St [temporarily removed],40.72494672359416,-74.00165855884552
8457385,W Broadway & Spring Street,40.72494672359416,-74.00165855884552
21757025,W Broadway & W Houston St,40.726378,-74.000472
50153780,W Burnside Ave & University Ave,40.853686,-73.912498
60574884,W Fordham Rd & Loring Pl N,40.86295,-73.90741
62037474,W Mosholu Pkwy S & Sedgwick Ave,40.88226,-73.88702
54527430,W Tremont Ave & Grand Ave,40.850036,-73.912785
66843840,W Tremont Ave & Montgomery Ave,40.851788,-73.916418
56089561,Wadsworth Ave & W 175 St,40.846052,-73.937648
32016878,Wadsworth Ave & W 179 St,40.848467,-73.936064
30818531,Wales Ave & E 147 St,40.811314,-73.907729
30175415,Wall St & South St,40.70437,-74.00637
48256833,Walnut Ave & E 136 St,40.801657,-73.909513
56578765,Walton Ave & E 153 St,40.822351,-73.926907
43692279,Walton Ave & E 168 St,40.83649,-73.918316
47263119,Walton Ave & E 171 St,40.840683,-73.915073
56733959,Walton Ave & E 183 St,40.858472,-73.90266
39809380,Wards Meadow Comfort Station,40.78294,-73.93077
16296125,Warren St,40.7211236,-74.03805095
27937478,Warren St & Court St,40.686371,-73.99383324
66176747,Warren St & Smith St,40.68542400997018,-73.99127773940563
65913027,Warren St & W Broadway,40.71473993,-74.00910627
55197110,Washington Ave & E 163 St,40.824,-73.91089
44594117,Washington Ave & E 167 St,40.829896,-73.907618
54156238,Washington Ave & E 174 St,40.843079,-73.900216
56137938,Washington Ave & Greene Ave,40.68650065,-73.96563307
628528,Washington Ave & Park Ave,40.69610226,-73.96751037
43303930,Washington Park,40.691782,-73.973729
35506293,Washington Pl & 6 Ave,40.73224119,-74.00026394
57577117,Washington Pl & Broadway,40.72903917,-73.99404649
67616980,Washington Square E,40.73049393,-73.9957214
9195450,Washington St,40.7242941,-74.0354826
41876330,Washington St & Barrow St,40.73191132323174,-74.008769094944
54355540,Washington St & Gansevoort St,40.739323,-74.008119
11477348,Water - Whitehall Plaza,40.70255065,-74.0127234
64923320,Water St & Gouverneur Ln,40.70469667894968,-74.00803416967392
59836711,Water St & Main St,40.703212,-73.990409
22442137,Waterbury St & Stagg St,40.71019,-73.93734
53447783,Waterloo Pl & Crotona Park East,40.839194,-73.888587
57605740,Watts St & Greenwich St,40.72405549,-74.00965965
59387485,Webb Ave & W 190 St,40.8660052,-73.904254892
61006785,Webster Ave & E 166 St,40.828975,-73.911259
66147471,Webster Ave & Ford St,40.85556,-73.89615
56428621,Weeks Ave & E 175 St,40.846879,-73.907342
11539610,West Drive & Prospect Park West,40.6610633719006,-73.97945255041122
23480832,West End Ave & W 107 St,40.8021174,-73.9681805305
30688602,West End Ave & W 60 St,40.77237,-73.99005
26468721,West End Ave & W 78 St,40.783786,-73.981687
18199290,West End Ave & W 94 St,40.7941654,-73.974124
46232779,West Farms Rd & Boone Ave,40.830025,-73.886312
5802404,West St & Chambers St,40.71754834,-74.01322069
32456864,West St & Liberty St,40.711444,-74.014847
11687154,West Thames St,40.70834698,-74.01713445
44649253,Westchester Ave & E 156 St,40.817802,-73.905203
44518853,Westchester Ave & Jackson Ave,40.816124,-73.908116
38055193,Westchester Ave & Longwood Ave,40.819701,-73.901311
60418746,Westchester Ave & Southern Blvd,40.824956,-73.891677
58569428,White St & Johnson Ave,40.707174,-73.93581
53000162,White St & Moore St,40.704508,-73.9351
57045167,Wilkins Ave & Crotona Park E,40.835302,-73.895133
4124186,William St & Pine St,40.70717936,-74.00887308
44987082,Willis Ave & Bruckner Blvd,40.805701,-73.925177
62326428,Willis Ave & E 137 St,40.808384,-73.923604
42790395,Willis Ave & E 141 St,40.81093,-73.921606
51034190,Willis Ave & E 143 St,40.812299,-73.92037
21363764,Willoughby Ave & Hall St,40.69196035,-73.96536851
22287035,Willoughby Ave & Myrtle Ave,40.69757,-73.93098
26315314,Willoughby Ave & Myrtle Ave [temporarily removed],40.69757,-73.93098
44398476,Willoughby Ave & Onderdonk Ave,40.7098,-73.91727
13356296,Willoughby Ave & Tompkins Ave,40.69425403,-73.94626915
10293493,Willoughby Ave & Walworth St,40.69331716,-73.95381995
38914741,Willoughby Ave & Wyckoff Ave,40.705614,-73.92153
67121452,Willoughby St & Ashland Pl,40.69178,-73.97877
19055769,Willoughby St & Fleet St,40.69196566,-73.9813018
65011632,Willow Ave & 12 St,40.7518674823282,-74.03037697076797
33611131,Willow Ave & E 133 St,40.800933,-73.913863
44698388,Wilson Ave & Moffat St,40.68906,-73.90506
58355456,Wilson Ave & Troutman St,40.70166,-73.92754
62824625,Windsor Pl & 8 Ave,40.660906,-73.983074
53678536,Windsor Pl & Howard Pl,40.65949055893896,-73.98013919591904
63278162,Withers St & Kingsland Ave,40.71773,-73.94051
8455849,Wolcott St & Dwight St,40.6753274,-74.0100698
45437128,Woodward Ave & Harman St,40.70793,-73.91092
11695169,Wyckoff Av & Jefferson St,40.707165,-73.923711
42264885,Wyckoff Av & Stanhope St,40.703545,-73.917775
60135994,Wyckoff Ave & Gates Ave,40.699871408829885,-73.91171872615814
16347989,Wyckoff St & 3 Ave,40.6827549,-73.98258555
12192,Wyckoff St & Bond St,40.68461653897949,-73.98721285164356
64272461,Wyckoff St & Nevins St,40.683426,-73.984275
46167720,Wythe Ave & Metropolitan Ave,40.716887,-73.963198
32427417,Yankee Ferry Terminal,40.686931,-74.016966
33119554,York St,40.71649,-74.04105
